sep=;
CNAE;CNAE_numerico;Secao;Secao_descricao;Divisao;Grupo;Classe;Subclasse;Atividade;CBMPE_nivel;CBMPE_descricao;Anexo;Nivel_de_risco;Descricao_do_nivel;Dispensa_licenciamento_previo;Pagina_DOE;Alterado_por_errata
0111-3/01;0111301;A;Agricultura, pecuária, produção florestal, pesca e aquicultura;01;011;0111-3;01;Cultivo de arroz;I;Risco baixo, irrelevante ou inexistente;I;I;Risco baixo, irrelevante ou inexistente;Sim;7;Não
0111-3/02;0111302;A;Agricultura, pecuária, produção florestal, pesca e aquicultura;01;011;0111-3;02;Cultivo de milho;I;Risco baixo, irrelevante ou inexistente;I;I;Risco baixo, irrelevante ou inexistente;Sim;7;Não
0111-3/03;0111303;A;Agricultura, pecuária, produção florestal, pesca e aquicultura;01;011;0111-3;03;Cultivo de trigo;I;Risco baixo, irrelevante ou inexistente;I;I;Risco baixo, irrelevante ou inexistente;Sim;7;Não
0111-3/99;0111399;A;Agricultura, pecuária, produção florestal, pesca e aquicultura;01;011;0111-3;99;Cultivo de outros cereais não especificados anteriormente;I;Risco baixo, irrelevante ou inexistente;I;I;Risco baixo, irrelevante ou inexistente;Sim;7;Não
0112-1/01;0112101;A;Agricultura, pecuária, produção florestal, pesca e aquicultura;01;011;0112-1;01;Cultivo de algodão herbáceo;I;Risco baixo, irrelevante ou inexistente;I;I;Risco baixo, irrelevante ou inexistente;Sim;7;Não
0112-1/02;0112102;A;Agricultura, pecuária, produção florestal, pesca e aquicultura;01;011;0112-1;02;Cultivo de juta;I;Risco baixo, irrelevante ou inexistente;I;I;Risco baixo, irrelevante ou inexistente;Sim;7;Não
0112-1/99;0112199;A;Agricultura, pecuária, produção florestal, pesca e aquicultura;01;011;0112-1;99;Cultivo de outras fibras de lavoura temporária não especificadas anteriormente;I;Risco baixo, irrelevante ou inexistente;I;I;Risco baixo, irrelevante ou inexistente;Sim;7;Não
0113-0/00;0113000;A;Agricultura, pecuária, produção florestal, pesca e aquicultura;01;011;0113-0;00;Cultivo de cana-de-açúcar;I;Risco baixo, irrelevante ou inexistente;I;I;Risco baixo, irrelevante ou inexistente;Sim;7;Não
0114-8/00;0114800;A;Agricultura, pecuária, produção florestal, pesca e aquicultura;01;011;0114-8;00;Cultivo de fumo;I;Risco baixo, irrelevante ou inexistente;I;I;Risco baixo, irrelevante ou inexistente;Sim;8;Não
0115-6/00;0115600;A;Agricultura, pecuária, produção florestal, pesca e aquicultura;01;011;0115-6;00;Cultivo de soja;I;Risco baixo, irrelevante ou inexistente;I;I;Risco baixo, irrelevante ou inexistente;Sim;8;Não
0116-4/01;0116401;A;Agricultura, pecuária, produção florestal, pesca e aquicultura;01;011;0116-4;01;Cultivo de amendoim;I;Risco baixo, irrelevante ou inexistente;I;I;Risco baixo, irrelevante ou inexistente;Sim;8;Não
0116-4/02;0116402;A;Agricultura, pecuária, produção florestal, pesca e aquicultura;01;011;0116-4;02;Cultivo de girassol;I;Risco baixo, irrelevante ou inexistente;I;I;Risco baixo, irrelevante ou inexistente;Sim;8;Não
0116-4/03;0116403;A;Agricultura, pecuária, produção florestal, pesca e aquicultura;01;011;0116-4;03;Cultivo de mamona;I;Risco baixo, irrelevante ou inexistente;I;I;Risco baixo, irrelevante ou inexistente;Sim;8;Não
0116-4/99;0116499;A;Agricultura, pecuária, produção florestal, pesca e aquicultura;01;011;0116-4;99;Cultivo de outras oleaginosas de lavoura temporária não especificadas anteriormente;I;Risco baixo, irrelevante ou inexistente;I;I;Risco baixo, irrelevante ou inexistente;Sim;8;Não
0119-9/01;0119901;A;Agricultura, pecuária, produção florestal, pesca e aquicultura;01;011;0119-9;01;Cultivo de abacaxi;I;Risco baixo, irrelevante ou inexistente;I;I;Risco baixo, irrelevante ou inexistente;Sim;8;Não
0119-9/02;0119902;A;Agricultura, pecuária, produção florestal, pesca e aquicultura;01;011;0119-9;02;Cultivo de alho;I;Risco baixo, irrelevante ou inexistente;I;I;Risco baixo, irrelevante ou inexistente;Sim;8;Não
0119-9/03;0119903;A;Agricultura, pecuária, produção florestal, pesca e aquicultura;01;011;0119-9;03;Cultivo de batata-inglesa;I;Risco baixo, irrelevante ou inexistente;I;I;Risco baixo, irrelevante ou inexistente;Sim;9;Não
0119-9/04;0119904;A;Agricultura, pecuária, produção florestal, pesca e aquicultura;01;011;0119-9;04;Cultivo de cebola;I;Risco baixo, irrelevante ou inexistente;I;I;Risco baixo, irrelevante ou inexistente;Sim;9;Não
0119-9/05;0119905;A;Agricultura, pecuária, produção florestal, pesca e aquicultura;01;011;0119-9;05;Cultivo de feijão;I;Risco baixo, irrelevante ou inexistente;I;I;Risco baixo, irrelevante ou inexistente;Sim;9;Não
0119-9/06;0119906;A;Agricultura, pecuária, produção florestal, pesca e aquicultura;01;011;0119-9;06;Cultivo de mandioca;I;Risco baixo, irrelevante ou inexistente;I;I;Risco baixo, irrelevante ou inexistente;Sim;9;Não
0119-9/07;0119907;A;Agricultura, pecuária, produção florestal, pesca e aquicultura;01;011;0119-9;07;Cultivo de melão;I;Risco baixo, irrelevante ou inexistente;I;I;Risco baixo, irrelevante ou inexistente;Sim;9;Não
0119-9/08;0119908;A;Agricultura, pecuária, produção florestal, pesca e aquicultura;01;011;0119-9;08;Cultivo de melancia;I;Risco baixo, irrelevante ou inexistente;I;I;Risco baixo, irrelevante ou inexistente;Sim;9;Não
0119-9/09;0119909;A;Agricultura, pecuária, produção florestal, pesca e aquicultura;01;011;0119-9;09;Cultivo de tomate rasteiro;I;Risco baixo, irrelevante ou inexistente;I;I;Risco baixo, irrelevante ou inexistente;Sim;9;Não
0119-9/99;0119999;A;Agricultura, pecuária, produção florestal, pesca e aquicultura;01;011;0119-9;99;Cultivo de outras plantas de lavoura temporária não especificadas anteriormente;I;Risco baixo, irrelevante ou inexistente;I;I;Risco baixo, irrelevante ou inexistente;Sim;9;Sim
0121-1/01;0121101;A;Agricultura, pecuária, produção florestal, pesca e aquicultura;01;012;0121-1;01;Horticultura, exceto morango;I;Risco baixo, irrelevante ou inexistente;I;I;Risco baixo, irrelevante ou inexistente;Sim;10;Não
0121-1/02;0121102;A;Agricultura, pecuária, produção florestal, pesca e aquicultura;01;012;0121-1;02;Cultivo de morango;I;Risco baixo, irrelevante ou inexistente;I;I;Risco baixo, irrelevante ou inexistente;Sim;10;Não
0122-9/00;0122900;A;Agricultura, pecuária, produção florestal, pesca e aquicultura;01;012;0122-9;00;Floricultura;I;Risco baixo, irrelevante ou inexistente;I;I;Risco baixo, irrelevante ou inexistente;Sim;10;Não
0131-8/00;0131800;A;Agricultura, pecuária, produção florestal, pesca e aquicultura;01;013;0131-8;00;Cultivo de laranja;I;Risco baixo, irrelevante ou inexistente;I;I;Risco baixo, irrelevante ou inexistente;Sim;10;Não
0132-6/00;0132600;A;Agricultura, pecuária, produção florestal, pesca e aquicultura;01;013;0132-6;00;Cultivo de uva;I;Risco baixo, irrelevante ou inexistente;I;I;Risco baixo, irrelevante ou inexistente;Sim;10;Não
0133-4/01;0133401;A;Agricultura, pecuária, produção florestal, pesca e aquicultura;01;013;0133-4;01;Cultivo de açaí;I;Risco baixo, irrelevante ou inexistente;I;I;Risco baixo, irrelevante ou inexistente;Sim;10;Não
0133-4/02;0133402;A;Agricultura, pecuária, produção florestal, pesca e aquicultura;01;013;0133-4;02;Cultivo de banana;I;Risco baixo, irrelevante ou inexistente;I;I;Risco baixo, irrelevante ou inexistente;Sim;10;Não
0133-4/03;0133403;A;Agricultura, pecuária, produção florestal, pesca e aquicultura;01;013;0133-4;03;Cultivo de caju;I;Risco baixo, irrelevante ou inexistente;I;I;Risco baixo, irrelevante ou inexistente;Sim;10;Não
0133-4/04;0133404;A;Agricultura, pecuária, produção florestal, pesca e aquicultura;01;013;0133-4;04;Cultivo de cítricos, exceto laranja;I;Risco baixo, irrelevante ou inexistente;I;I;Risco baixo, irrelevante ou inexistente;Sim;11;Não
0133-4/05;0133405;A;Agricultura, pecuária, produção florestal, pesca e aquicultura;01;013;0133-4;05;Cultivo de coco-da-baía;I;Risco baixo, irrelevante ou inexistente;I;I;Risco baixo, irrelevante ou inexistente;Sim;11;Não
0133-4/06;0133406;A;Agricultura, pecuária, produção florestal, pesca e aquicultura;01;013;0133-4;06;Cultivo de guaraná;I;Risco baixo, irrelevante ou inexistente;I;I;Risco baixo, irrelevante ou inexistente;Sim;11;Não
0133-4/07;0133407;A;Agricultura, pecuária, produção florestal, pesca e aquicultura;01;013;0133-4;07;Cultivo de maçã;I;Risco baixo, irrelevante ou inexistente;I;I;Risco baixo, irrelevante ou inexistente;Sim;11;Não
0133-4/08;0133408;A;Agricultura, pecuária, produção florestal, pesca e aquicultura;01;013;0133-4;08;Cultivo de mamão;I;Risco baixo, irrelevante ou inexistente;I;I;Risco baixo, irrelevante ou inexistente;Sim;11;Não
0133-4/09;0133409;A;Agricultura, pecuária, produção florestal, pesca e aquicultura;01;013;0133-4;09;Cultivo de maracujá;I;Risco baixo, irrelevante ou inexistente;I;I;Risco baixo, irrelevante ou inexistente;Sim;11;Não
0133-4/10;0133410;A;Agricultura, pecuária, produção florestal, pesca e aquicultura;01;013;0133-4;10;Cultivo de manga;I;Risco baixo, irrelevante ou inexistente;I;I;Risco baixo, irrelevante ou inexistente;Sim;11;Não
0133-4/11;0133411;A;Agricultura, pecuária, produção florestal, pesca e aquicultura;01;013;0133-4;11;Cultivo de pêssego;I;Risco baixo, irrelevante ou inexistente;I;I;Risco baixo, irrelevante ou inexistente;Sim;11;Não
0133-4/99;0133499;A;Agricultura, pecuária, produção florestal, pesca e aquicultura;01;013;0133-4;99;Cultivo de frutas de lavoura permanente não especificadas anteriormente;I;Risco baixo, irrelevante ou inexistente;I;I;Risco baixo, irrelevante ou inexistente;Sim;12;Não
0134-2/00;0134200;A;Agricultura, pecuária, produção florestal, pesca e aquicultura;01;013;0134-2;00;Cultivo de café;I;Risco baixo, irrelevante ou inexistente;I;I;Risco baixo, irrelevante ou inexistente;Sim;12;Não
0135-1/00;0135100;A;Agricultura, pecuária, produção florestal, pesca e aquicultura;01;013;0135-1;00;Cultivo de cacau;I;Risco baixo, irrelevante ou inexistente;I;I;Risco baixo, irrelevante ou inexistente;Sim;12;Não
0139-3/01;0139301;A;Agricultura, pecuária, produção florestal, pesca e aquicultura;01;013;0139-3;01;Cultivo de chá-da-índia;I;Risco baixo, irrelevante ou inexistente;I;I;Risco baixo, irrelevante ou inexistente;Sim;12;Não
0139-3/02;0139302;A;Agricultura, pecuária, produção florestal, pesca e aquicultura;01;013;0139-3;02;Cultivo de erva-mate;I;Risco baixo, irrelevante ou inexistente;I;I;Risco baixo, irrelevante ou inexistente;Sim;12;Não
0139-3/03;0139303;A;Agricultura, pecuária, produção florestal, pesca e aquicultura;01;013;0139-3;03;Cultivo de pimenta-do-reino;I;Risco baixo, irrelevante ou inexistente;I;I;Risco baixo, irrelevante ou inexistente;Sim;12;Não
0139-3/04;0139304;A;Agricultura, pecuária, produção florestal, pesca e aquicultura;01;013;0139-3;04;Cultivo de plantas para condimento, exceto pimenta-do-reino;I;Risco baixo, irrelevante ou inexistente;I;I;Risco baixo, irrelevante ou inexistente;Sim;12;Não
0139-3/05;0139305;A;Agricultura, pecuária, produção florestal, pesca e aquicultura;01;013;0139-3;05;Cultivo de dendê;I;Risco baixo, irrelevante ou inexistente;I;I;Risco baixo, irrelevante ou inexistente;Sim;12;Não
0139-3/06;0139306;A;Agricultura, pecuária, produção florestal, pesca e aquicultura;01;013;0139-3;06;Cultivo de seringueira;I;Risco baixo, irrelevante ou inexistente;I;I;Risco baixo, irrelevante ou inexistente;Sim;13;Não
0139-3/99;0139399;A;Agricultura, pecuária, produção florestal, pesca e aquicultura;01;013;0139-3;99;Cultivo de outras plantas de lavoura permanente não especificadas anteriormente;I;Risco baixo, irrelevante ou inexistente;I;I;Risco baixo, irrelevante ou inexistente;Sim;13;Não
0141-5/01;0141501;A;Agricultura, pecuária, produção florestal, pesca e aquicultura;01;014;0141-5;01;Produção de sementes certificadas, exceto de forrageiras para pasto;I;Risco baixo, irrelevante ou inexistente;I;I;Risco baixo, irrelevante ou inexistente;Sim;13;Não
0141-5/02;0141502;A;Agricultura, pecuária, produção florestal, pesca e aquicultura;01;014;0141-5;02;Produção de sementes certificadas de forrageiras para formação de pasto;I;Risco baixo, irrelevante ou inexistente;I;I;Risco baixo, irrelevante ou inexistente;Sim;13;Não
0142-3/00;0142300;A;Agricultura, pecuária, produção florestal, pesca e aquicultura;01;014;0142-3;00;Produção de mudas e outras formas de propagação vegetal, certificadas;I;Risco baixo, irrelevante ou inexistente;I;I;Risco baixo, irrelevante ou inexistente;Sim;13;Não
0151-2/01;0151201;A;Agricultura, pecuária, produção florestal, pesca e aquicultura;01;015;0151-2;01;Criação de bovinos para corte;I;Risco baixo, irrelevante ou inexistente;I;I;Risco baixo, irrelevante ou inexistente;Sim;13;Não
0151-2/02;0151202;A;Agricultura, pecuária, produção florestal, pesca e aquicultura;01;015;0151-2;02;Criação de bovinos para leite;I;Risco baixo, irrelevante ou inexistente;I;I;Risco baixo, irrelevante ou inexistente;Sim;13;Não
0151-2/03;0151203;A;Agricultura, pecuária, produção florestal, pesca e aquicultura;01;015;0151-2;03;Criação de bovinos, exceto para corte e leite;I;Risco baixo, irrelevante ou inexistente;I;I;Risco baixo, irrelevante ou inexistente;Sim;13;Não
0152-1/01;0152101;A;Agricultura, pecuária, produção florestal, pesca e aquicultura;01;015;0152-1;01;Criação de bufalinos;I;Risco baixo, irrelevante ou inexistente;I;I;Risco baixo, irrelevante ou inexistente;Sim;13;Não
0152-1/02;0152102;A;Agricultura, pecuária, produção florestal, pesca e aquicultura;01;015;0152-1;02;Criação de eqüinos;I;Risco baixo, irrelevante ou inexistente;I;I;Risco baixo, irrelevante ou inexistente;Sim;13;Não
0152-1/03;0152103;A;Agricultura, pecuária, produção florestal, pesca e aquicultura;01;015;0152-1;03;Criação de asininos e muares;I;Risco baixo, irrelevante ou inexistente;I;I;Risco baixo, irrelevante ou inexistente;Sim;13;Não
0153-9/01;0153901;A;Agricultura, pecuária, produção florestal, pesca e aquicultura;01;015;0153-9;01;Criação de caprinos;I;Risco baixo, irrelevante ou inexistente;I;I;Risco baixo, irrelevante ou inexistente;Sim;13;Não
0153-9/02;0153902;A;Agricultura, pecuária, produção florestal, pesca e aquicultura;01;015;0153-9;02;Criação de ovinos, inclusive para produção de lã;I;Risco baixo, irrelevante ou inexistente;I;I;Risco baixo, irrelevante ou inexistente;Sim;13;Não
0154-7/00;0154700;A;Agricultura, pecuária, produção florestal, pesca e aquicultura;01;015;0154-7;00;Criação de suínos;I;Risco baixo, irrelevante ou inexistente;II;II ou III;Risco médio ou moderado, ou risco alto;Não;43;Não
0155-5/01;0155501;A;Agricultura, pecuária, produção florestal, pesca e aquicultura;01;015;0155-5;01;Criação de frangos para corte;I;Risco baixo, irrelevante ou inexistente;II;II ou III;Risco médio ou moderado, ou risco alto;Não;43;Não
0155-5/02;0155502;A;Agricultura, pecuária, produção florestal, pesca e aquicultura;01;015;0155-5;02;Produção de pintos de um dia;I;Risco baixo, irrelevante ou inexistente;II;II ou III;Risco médio ou moderado, ou risco alto;Não;43;Não
0155-5/03;0155503;A;Agricultura, pecuária, produção florestal, pesca e aquicultura;01;015;0155-5;03;Criação de outros galináceos, exceto para corte;I;Risco baixo, irrelevante ou inexistente;II;II ou III;Risco médio ou moderado, ou risco alto;Não;43;Não
0155-5/04;0155504;A;Agricultura, pecuária, produção florestal, pesca e aquicultura;01;015;0155-5;04;Criação de aves, exceto galináceos;I;Risco baixo, irrelevante ou inexistente;II;II ou III;Risco médio ou moderado, ou risco alto;Não;43;Não
0155-5/05;0155505;A;Agricultura, pecuária, produção florestal, pesca e aquicultura;01;015;0155-5;05;Produção de ovos;I;Risco baixo, irrelevante ou inexistente;II;II ou III;Risco médio ou moderado, ou risco alto;Não;43;Não
0159-8/01;0159801;A;Agricultura, pecuária, produção florestal, pesca e aquicultura;01;015;0159-8;01;Apicultura;I;Risco baixo, irrelevante ou inexistente;I;I;Risco baixo, irrelevante ou inexistente;Sim;13;Não
0159-8/02;0159802;A;Agricultura, pecuária, produção florestal, pesca e aquicultura;01;015;0159-8;02;Criação de animais de estimação;I;Risco baixo, irrelevante ou inexistente;I;I;Risco baixo, irrelevante ou inexistente;Sim;13;Não
0159-8/03;0159803;A;Agricultura, pecuária, produção florestal, pesca e aquicultura;01;015;0159-8;03;Criação de escargô;I;Risco baixo, irrelevante ou inexistente;I;I;Risco baixo, irrelevante ou inexistente;Sim;13;Não
0159-8/04;0159804;A;Agricultura, pecuária, produção florestal, pesca e aquicultura;01;015;0159-8;04;Criação de bicho-da-seda;I;Risco baixo, irrelevante ou inexistente;I;I;Risco baixo, irrelevante ou inexistente;Sim;13;Não
0159-8/99;0159899;A;Agricultura, pecuária, produção florestal, pesca e aquicultura;01;015;0159-8;99;Criação de outros animais não especificados anteriormente;I;Risco baixo, irrelevante ou inexistente;II;II ou III;Risco médio ou moderado, ou risco alto;Não;43;Não
0161-0/01;0161001;A;Agricultura, pecuária, produção florestal, pesca e aquicultura;01;016;0161-0;01;Serviço de pulverização e controle de pragas agrícolas;I;Risco baixo, irrelevante ou inexistente;II;II ou III;Risco médio ou moderado, ou risco alto;Não;43;Não
0161-0/02;0161002;A;Agricultura, pecuária, produção florestal, pesca e aquicultura;01;016;0161-0;02;Serviço de poda de árvores para lavouras;I;Risco baixo, irrelevante ou inexistente;I;I;Risco baixo, irrelevante ou inexistente;Sim;13;Não
0161-0/03;0161003;A;Agricultura, pecuária, produção florestal, pesca e aquicultura;01;016;0161-0;03;Serviço de preparação de terreno, cultivo e colheita;I;Risco baixo, irrelevante ou inexistente;I;I;Risco baixo, irrelevante ou inexistente;Sim;13;Não
0161-0/99;0161099;A;Agricultura, pecuária, produção florestal, pesca e aquicultura;01;016;0161-0;99;Atividades de apoio à agricultura não especificadas anteriormente;I;Risco baixo, irrelevante ou inexistente;I;I;Risco baixo, irrelevante ou inexistente;Sim;14;Não
0162-8/01;0162801;A;Agricultura, pecuária, produção florestal, pesca e aquicultura;01;016;0162-8;01;Serviço de inseminação artificial de animais *;I;Risco baixo, irrelevante ou inexistente;I;I;Risco baixo, irrelevante ou inexistente;Sim;14;Não
0162-8/02;0162802;A;Agricultura, pecuária, produção florestal, pesca e aquicultura;01;016;0162-8;02;Serviço de tosquiamento de ovinos;I;Risco baixo, irrelevante ou inexistente;I;I;Risco baixo, irrelevante ou inexistente;Sim;14;Não
0162-8/03;0162803;A;Agricultura, pecuária, produção florestal, pesca e aquicultura;01;016;0162-8;03;Serviço de manejo de animais;I;Risco baixo, irrelevante ou inexistente;I;I;Risco baixo, irrelevante ou inexistente;Sim;14;Não
0162-8/99;0162899;A;Agricultura, pecuária, produção florestal, pesca e aquicultura;01;016;0162-8;99;Atividades de apoio à pecuária não especificadas anteriormente;I;Risco baixo, irrelevante ou inexistente;I;I;Risco baixo, irrelevante ou inexistente;Sim;14;Não
0163-6/00;0163600;A;Agricultura, pecuária, produção florestal, pesca e aquicultura;01;016;0163-6;00;Atividades de pós-colheita;I;Risco baixo, irrelevante ou inexistente;I;I;Risco baixo, irrelevante ou inexistente;Sim;14;Não
0170-9/00;0170900;A;Agricultura, pecuária, produção florestal, pesca e aquicultura;01;017;0170-9;00;Caça e serviços relacionados;I;Risco baixo, irrelevante ou inexistente;II;II ou III;Risco médio ou moderado, ou risco alto;Não;43;Não
0210-1/01;0210101;A;Agricultura, pecuária, produção florestal, pesca e aquicultura;02;021;0210-1;01;Cultivo de eucalipto;I;Risco baixo, irrelevante ou inexistente;I;I;Risco baixo, irrelevante ou inexistente;Sim;14;Não
0210-1/02;0210102;A;Agricultura, pecuária, produção florestal, pesca e aquicultura;02;021;0210-1;02;Cultivo de acácia-negra;I;Risco baixo, irrelevante ou inexistente;I;I;Risco baixo, irrelevante ou inexistente;Sim;14;Não
0210-1/03;0210103;A;Agricultura, pecuária, produção florestal, pesca e aquicultura;02;021;0210-1;03;Cultivo de pinus;I;Risco baixo, irrelevante ou inexistente;I;I;Risco baixo, irrelevante ou inexistente;Sim;14;Não
0210-1/04;0210104;A;Agricultura, pecuária, produção florestal, pesca e aquicultura;02;021;0210-1;04;Cultivo de teca;I;Risco baixo, irrelevante ou inexistente;I;I;Risco baixo, irrelevante ou inexistente;Sim;14;Não
0210-1/05;0210105;A;Agricultura, pecuária, produção florestal, pesca e aquicultura;02;021;0210-1;05;Cultivo de espécies madeireiras, exceto eucalipto, acácia-negra, pinus e teca;I;Risco baixo, irrelevante ou inexistente;I;I;Risco baixo, irrelevante ou inexistente;Sim;14;Não
0210-1/06;0210106;A;Agricultura, pecuária, produção florestal, pesca e aquicultura;02;021;0210-1;06;Cultivo de mudas em viveiros florestais;I;Risco baixo, irrelevante ou inexistente;II;II ou III;Risco médio ou moderado, ou risco alto;Não;43;Não
0210-1/07;0210107;A;Agricultura, pecuária, produção florestal, pesca e aquicultura;02;021;0210-1;07;Extração de madeira em florestas plantadas;I;Risco baixo, irrelevante ou inexistente;I;I;Risco baixo, irrelevante ou inexistente;Sim;14;Não
0210-1/08;0210108;A;Agricultura, pecuária, produção florestal, pesca e aquicultura;02;021;0210-1;08;Produção de carvão vegetal - florestas plantadas;I;Risco baixo, irrelevante ou inexistente;I;I;Risco baixo, irrelevante ou inexistente;Sim;14;Não
0210-1/09;0210109;A;Agricultura, pecuária, produção florestal, pesca e aquicultura;02;021;0210-1;09;Produção de casca de acácia-negra -florestas plantadas;I;Risco baixo, irrelevante ou inexistente;I;I;Risco baixo, irrelevante ou inexistente;Sim;14;Não
0210-1/99;0210199;A;Agricultura, pecuária, produção florestal, pesca e aquicultura;02;021;0210-1;99;Produção de produtos não-madeireiros não especificados anteriormente em florestas plantadas;I;Risco baixo, irrelevante ou inexistente;I;I;Risco baixo, irrelevante ou inexistente;Sim;14;Não
0220-9/01;0220901;A;Agricultura, pecuária, produção florestal, pesca e aquicultura;02;022;0220-9;01;Extração de madeira em florestas nativas;I;Risco baixo, irrelevante ou inexistente;I;I;Risco baixo, irrelevante ou inexistente;Sim;14;Não
0220-9/02;0220902;A;Agricultura, pecuária, produção florestal, pesca e aquicultura;02;022;0220-9;02;Produção de carvão vegetal - florestas nativas;I;Risco baixo, irrelevante ou inexistente;I;I;Risco baixo, irrelevante ou inexistente;Sim;14;Não
0220-9/03;0220903;A;Agricultura, pecuária, produção florestal, pesca e aquicultura;02;022;0220-9;03;Coleta de castanha-do-pará em florestas nativas;I;Risco baixo, irrelevante ou inexistente;I;I;Risco baixo, irrelevante ou inexistente;Sim;14;Não
0220-9/04;0220904;A;Agricultura, pecuária, produção florestal, pesca e aquicultura;02;022;0220-9;04;Coleta de látex em florestas nativas;I;Risco baixo, irrelevante ou inexistente;I;I;Risco baixo, irrelevante ou inexistente;Sim;14;Não
0220-9/05;0220905;A;Agricultura, pecuária, produção florestal, pesca e aquicultura;02;022;0220-9;05;Coleta de palmito em florestas nativas;I;Risco baixo, irrelevante ou inexistente;I;I;Risco baixo, irrelevante ou inexistente;Sim;14;Não
0220-9/06;0220906;A;Agricultura, pecuária, produção florestal, pesca e aquicultura;02;022;0220-9;06;Conservação de florestas nativas;I;Risco baixo, irrelevante ou inexistente;I;I;Risco baixo, irrelevante ou inexistente;Sim;14;Não
0220-9/99;0220999;A;Agricultura, pecuária, produção florestal, pesca e aquicultura;02;022;0220-9;99;Coleta de produtos não-madeireiros não;I;Risco baixo, irrelevante ou inexistente;I;I;Risco baixo, irrelevante ou inexistente;Sim;14;Não
0230-6/00;0230600;A;Agricultura, pecuária, produção florestal, pesca e aquicultura;02;023;0230-6;00;Atividades de apoio à produção florestal;I;Risco baixo, irrelevante ou inexistente;I;I;Risco baixo, irrelevante ou inexistente;Sim;15;Não
0311-6/01;0311601;A;Agricultura, pecuária, produção florestal, pesca e aquicultura;03;031;0311-6;01;Pesca de peixes em água salgada;I;Risco baixo, irrelevante ou inexistente;II;II ou III;Risco médio ou moderado, ou risco alto;Não;43;Não
0311-6/02;0311602;A;Agricultura, pecuária, produção florestal, pesca e aquicultura;03;031;0311-6;02;Pesca de crustáceos e moluscos em água salgada;I;Risco baixo, irrelevante ou inexistente;II;II ou III;Risco médio ou moderado, ou risco alto;Não;43;Não
0311-6/03;0311603;A;Agricultura, pecuária, produção florestal, pesca e aquicultura;03;031;0311-6;03;Coleta de outros produtos marinhos;I;Risco baixo, irrelevante ou inexistente;II;II ou III;Risco médio ou moderado, ou risco alto;Não;43;Não
0311-6/04;0311604;A;Agricultura, pecuária, produção florestal, pesca e aquicultura;03;031;0311-6;04;Atividades de apoio à pesca em água salgada;I;Risco baixo, irrelevante ou inexistente;I;I;Risco baixo, irrelevante ou inexistente;Sim;15;Não
0312-4/01;0312401;A;Agricultura, pecuária, produção florestal, pesca e aquicultura;03;031;0312-4;01;Pesca de peixes em água doce;I;Risco baixo, irrelevante ou inexistente;II;II ou III;Risco médio ou moderado, ou risco alto;Não;43;Não
0312-4/02;0312402;A;Agricultura, pecuária, produção florestal, pesca e aquicultura;03;031;0312-4;02;Pesca de crustáceos e moluscos em água doce;I;Risco baixo, irrelevante ou inexistente;II;II ou III;Risco médio ou moderado, ou risco alto;Não;43;Não
0312-4/03;0312403;A;Agricultura, pecuária, produção florestal, pesca e aquicultura;03;031;0312-4;03;Coleta de outros produtos aquáticos de água doce;I;Risco baixo, irrelevante ou inexistente;II;II ou III;Risco médio ou moderado, ou risco alto;Não;43;Não
0312-4/04;0312404;A;Agricultura, pecuária, produção florestal, pesca e aquicultura;03;031;0312-4;04;Atividades de apoio à pesca em água doce;I;Risco baixo, irrelevante ou inexistente;I;I;Risco baixo, irrelevante ou inexistente;Sim;15;Não
0321-3/01;0321301;A;Agricultura, pecuária, produção florestal, pesca e aquicultura;03;032;0321-3;01;Criação de peixes em água salgada e salobra;I;Risco baixo, irrelevante ou inexistente;I;I;Risco baixo, irrelevante ou inexistente;Sim;15;Não
0321-3/02;0321302;A;Agricultura, pecuária, produção florestal, pesca e aquicultura;03;032;0321-3;02;Criação de camarões em água salgada e salobra;I;Risco baixo, irrelevante ou inexistente;I;I;Risco baixo, irrelevante ou inexistente;Sim;15;Não
0321-3/03;0321303;A;Agricultura, pecuária, produção florestal, pesca e aquicultura;03;032;0321-3;03;Criação de ostras e mexilhões em água salgada e salobra;I;Risco baixo, irrelevante ou inexistente;I;I;Risco baixo, irrelevante ou inexistente;Sim;15;Não
0321-3/04;0321304;A;Agricultura, pecuária, produção florestal, pesca e aquicultura;03;032;0321-3;04;Criação de peixes ornamentais em água salgada e salobra;I;Risco baixo, irrelevante ou inexistente;I;I;Risco baixo, irrelevante ou inexistente;Sim;15;Não
0321-3/05;0321305;A;Agricultura, pecuária, produção florestal, pesca e aquicultura;03;032;0321-3;05;Atividades de apoio à aqüicultura em água salgada e salobra;I;Risco baixo, irrelevante ou inexistente;I;I;Risco baixo, irrelevante ou inexistente;Sim;15;Não
0321-3/99;0321399;A;Agricultura, pecuária, produção florestal, pesca e aquicultura;03;032;0321-3;99;Cultivos e semicultivos da aqüicultura em água salgada e salobra não especificados anteriormente;I;Risco baixo, irrelevante ou inexistente;I;I;Risco baixo, irrelevante ou inexistente;Sim;15;Não
0322-1/01;0322101;A;Agricultura, pecuária, produção florestal, pesca e aquicultura;03;032;0322-1;01;Criação de peixes em água doce;I;Risco baixo, irrelevante ou inexistente;I;I;Risco baixo, irrelevante ou inexistente;Sim;15;Não
0322-1/02;0322102;A;Agricultura, pecuária, produção florestal, pesca e aquicultura;03;032;0322-1;02;Criação de camarões em água doce;I;Risco baixo, irrelevante ou inexistente;I;I;Risco baixo, irrelevante ou inexistente;Sim;15;Não
0322-1/03;0322103;A;Agricultura, pecuária, produção florestal, pesca e aquicultura;03;032;0322-1;03;Criação de ostras e mexilhões em água doce;I;Risco baixo, irrelevante ou inexistente;I;I;Risco baixo, irrelevante ou inexistente;Sim;15;Não
0322-1/04;0322104;A;Agricultura, pecuária, produção florestal, pesca e aquicultura;03;032;0322-1;04;Criação de peixes ornamentais em água doce;I;Risco baixo, irrelevante ou inexistente;I;I;Risco baixo, irrelevante ou inexistente;Sim;15;Não
0322-1/05;0322105;A;Agricultura, pecuária, produção florestal, pesca e aquicultura;03;032;0322-1;05;Ranicultura;I;Risco baixo, irrelevante ou inexistente;I;I;Risco baixo, irrelevante ou inexistente;Sim;15;Não
0322-1/06;0322106;A;Agricultura, pecuária, produção florestal, pesca e aquicultura;03;032;0322-1;06;Criação de jacaré;I;Risco baixo, irrelevante ou inexistente;II;II ou III;Risco médio ou moderado, ou risco alto;Não;43;Não
0322-1/07;0322107;A;Agricultura, pecuária, produção florestal, pesca e aquicultura;03;032;0322-1;07;Atividades de apoio à aqüicultura em água doce;I;Risco baixo, irrelevante ou inexistente;I;I;Risco baixo, irrelevante ou inexistente;Sim;15;Não
0322-1/99;0322199;A;Agricultura, pecuária, produção florestal, pesca e aquicultura;03;032;0322-1;99;Cultivos e semicultivos da aqüicultura em água doce não especificados anteriormente;I;Risco baixo, irrelevante ou inexistente;I;I;Risco baixo, irrelevante ou inexistente;Sim;15;Não
0500-3/01;0500301;B;Indústrias extrativas;05;050;0500-3;01;Extração de carvão mineral;I;Risco baixo, irrelevante ou inexistente;I;I;Risco baixo, irrelevante ou inexistente;Sim;15;Não
0500-3/02;0500302;B;Indústrias extrativas;05;050;0500-3;02;Beneficiament o de carvão mineral;I;Risco baixo, irrelevante ou inexistente;I;I;Risco baixo, irrelevante ou inexistente;Sim;15;Não
0600-0/01;0600001;B;Indústrias extrativas;06;060;0600-0;01;Extração de petróleo e gás natural;III;Risco alto;II;II ou III;Risco médio ou moderado, ou risco alto;Não;38;Não
0600-0/02;0600002;B;Indústrias extrativas;06;060;0600-0;02;Extração e beneficiament o de xisto;I;Risco baixo, irrelevante ou inexistente;I;I;Risco baixo, irrelevante ou inexistente;Sim;15;Não
0600-0/03;0600003;B;Indústrias extrativas;06;060;0600-0;03;Extração e beneficiament o de areias betuminosas;I;Risco baixo, irrelevante ou inexistente;I;I;Risco baixo, irrelevante ou inexistente;Sim;15;Não
0710-3/01;0710301;B;Indústrias extrativas;07;071;0710-3;01;Extração de minério de ferro;I;Risco baixo, irrelevante ou inexistente;I;I;Risco baixo, irrelevante ou inexistente;Sim;15;Não
0710-3/02;0710302;B;Indústrias extrativas;07;071;0710-3;02;Pelotização, sinterização e outros beneficiament os de minério de ferro;I;Risco baixo, irrelevante ou inexistente;I;I;Risco baixo, irrelevante ou inexistente;Sim;15;Não
0721-9/01;0721901;B;Indústrias extrativas;07;072;0721-9;01;Extração de minério de alumínio;I;Risco baixo, irrelevante ou inexistente;I;I;Risco baixo, irrelevante ou inexistente;Sim;15;Não
0721-9/02;0721902;B;Indústrias extrativas;07;072;0721-9;02;Beneficiament o de minério de alumínio;I;Risco baixo, irrelevante ou inexistente;I;I;Risco baixo, irrelevante ou inexistente;Sim;15;Não
0722-7/01;0722701;B;Indústrias extrativas;07;072;0722-7;01;Extração de minério de estanho;I;Risco baixo, irrelevante ou inexistente;I;I;Risco baixo, irrelevante ou inexistente;Sim;15;Não
0722-7/02;0722702;B;Indústrias extrativas;07;072;0722-7;02;Beneficiament o de minério de estanho;I;Risco baixo, irrelevante ou inexistente;I;I;Risco baixo, irrelevante ou inexistente;Sim;15;Não
0723-5/01;0723501;B;Indústrias extrativas;07;072;0723-5;01;Extração de minério de manganês;I;Risco baixo, irrelevante ou inexistente;I;I;Risco baixo, irrelevante ou inexistente;Sim;15;Não
0723-5/02;0723502;B;Indústrias extrativas;07;072;0723-5;02;Beneficiament o de minério de manganês;I;Risco baixo, irrelevante ou inexistente;I;I;Risco baixo, irrelevante ou inexistente;Sim;15;Não
0724-3/01;0724301;B;Indústrias extrativas;07;072;0724-3;01;Extração de minério de metais preciosos;I;Risco baixo, irrelevante ou inexistente;I;I;Risco baixo, irrelevante ou inexistente;Sim;15;Não
0724-3/02;0724302;B;Indústrias extrativas;07;072;0724-3;02;Beneficiament o de minério de metais preciosos;I;Risco baixo, irrelevante ou inexistente;I;I;Risco baixo, irrelevante ou inexistente;Sim;15;Não
0725-1/00;0725100;B;Indústrias extrativas;07;072;0725-1;00;Extração de minerais radioativos;I;Risco baixo, irrelevante ou inexistente;I;I;Risco baixo, irrelevante ou inexistente;Sim;15;Não
0729-4/01;0729401;B;Indústrias extrativas;07;072;0729-4;01;Extração de minérios de nióbio e titânio;I;Risco baixo, irrelevante ou inexistente;I;I;Risco baixo, irrelevante ou inexistente;Sim;15;Não
0729-4/02;0729402;B;Indústrias extrativas;07;072;0729-4;02;Extração de minério de tungstênio;I;Risco baixo, irrelevante ou inexistente;I;I;Risco baixo, irrelevante ou inexistente;Sim;15;Não
0729-4/03;0729403;B;Indústrias extrativas;07;072;0729-4;03;Extração de minério de níquel;I;Risco baixo, irrelevante ou inexistente;I;I;Risco baixo, irrelevante ou inexistente;Sim;15;Não
0729-4/04;0729404;B;Indústrias extrativas;07;072;0729-4;04;Extração de minérios de cobre, chumbo, zinco e outros minerais metálicos não-ferrosos não especificados anteriormente;I;Risco baixo, irrelevante ou inexistente;I;I;Risco baixo, irrelevante ou inexistente;Sim;15;Não
0729-4/05;0729405;B;Indústrias extrativas;07;072;0729-4;05;Beneficiament o de minérios de cobre, chumbo, zinco e outros minerais metálicos não-ferrosos não especificados anteriormente;I;Risco baixo, irrelevante ou inexistente;I;I;Risco baixo, irrelevante ou inexistente;Sim;15;Não
0810-0/01;0810001;B;Indústrias extrativas;08;081;0810-0;01;Extração de ardósia e beneficiament o associado;I;Risco baixo, irrelevante ou inexistente;I;I;Risco baixo, irrelevante ou inexistente;Sim;15;Não
0810-0/02;0810002;B;Indústrias extrativas;08;081;0810-0;02;Extração de granito e beneficiament o associado;I;Risco baixo, irrelevante ou inexistente;I;I;Risco baixo, irrelevante ou inexistente;Sim;15;Não
0810-0/03;0810003;B;Indústrias extrativas;08;081;0810-0;03;Extração de mármore e beneficiament o associado;I;Risco baixo, irrelevante ou inexistente;I;I;Risco baixo, irrelevante ou inexistente;Sim;15;Não
0810-0/04;0810004;B;Indústrias extrativas;08;081;0810-0;04;Extração de calcário e dolomita e beneficiament o associado;I;Risco baixo, irrelevante ou inexistente;I;I;Risco baixo, irrelevante ou inexistente;Sim;15;Não
0810-0/05;0810005;B;Indústrias extrativas;08;081;0810-0;05;Extração de gesso e caulim;I;Risco baixo, irrelevante ou inexistente;I;I;Risco baixo, irrelevante ou inexistente;Sim;15;Não
0810-0/06;0810006;B;Indústrias extrativas;08;081;0810-0;06;Extração de areia, cascalho ou pedregulho e beneficiament o associado;I;Risco baixo, irrelevante ou inexistente;I;I;Risco baixo, irrelevante ou inexistente;Sim;16;Não
0810-0/07;0810007;B;Indústrias extrativas;08;081;0810-0;07;Extração de argila e beneficiament o associado;I;Risco baixo, irrelevante ou inexistente;I;I;Risco baixo, irrelevante ou inexistente;Sim;16;Não
0810-0/08;0810008;B;Indústrias extrativas;08;081;0810-0;08;Extração de saibro e beneficiament o associado;I;Risco baixo, irrelevante ou inexistente;I;I;Risco baixo, irrelevante ou inexistente;Sim;16;Não
0810-0/09;0810009;B;Indústrias extrativas;08;081;0810-0;09;Extração de basalto e beneficiament o associado;I;Risco baixo, irrelevante ou inexistente;I;I;Risco baixo, irrelevante ou inexistente;Sim;16;Não
0810-0/10;0810010;B;Indústrias extrativas;08;081;0810-0;10;Beneficiament o de gesso e caulim associado à extração;I;Risco baixo, irrelevante ou inexistente;I;I;Risco baixo, irrelevante ou inexistente;Sim;16;Não
0810-0/99;0810099;B;Indústrias extrativas;08;081;0810-0;99;Extração e britamento de pedras e outros materiais para construção e beneficiament o associado;I;Risco baixo, irrelevante ou inexistente;I;I;Risco baixo, irrelevante ou inexistente;Sim;16;Não
0891-6/00;0891600;B;Indústrias extrativas;08;089;0891-6;00;Extração de minerais para fabricação de adubos, fertilizantes e outros produtos químicos;I;Risco baixo, irrelevante ou inexistente;I;I;Risco baixo, irrelevante ou inexistente;Sim;16;Não
0892-4/01;0892401;B;Indústrias extrativas;08;089;0892-4;01;Extração de sal marinho;I;Risco baixo, irrelevante ou inexistente;I;I;Risco baixo, irrelevante ou inexistente;Sim;16;Não
0892-4/02;0892402;B;Indústrias extrativas;08;089;0892-4;02;Extração de sal-gema;I;Risco baixo, irrelevante ou inexistente;I;I;Risco baixo, irrelevante ou inexistente;Sim;16;Não
0892-4/03;0892403;B;Indústrias extrativas;08;089;0892-4;03;Refino e outros tratamentos do sal;I;Risco baixo, irrelevante ou inexistente;II;II ou III;Risco médio ou moderado, ou risco alto;Não;38;Não
0893-2/00;0893200;B;Indústrias extrativas;08;089;0893-2;00;Extração de gemas (pedras preciosas e semipreciosas );I;Risco baixo, irrelevante ou inexistente;I;I;Risco baixo, irrelevante ou inexistente;Sim;16;Não
0899-1/01;0899101;B;Indústrias extrativas;08;089;0899-1;01;Extração de grafita;I;Risco baixo, irrelevante ou inexistente;I;I;Risco baixo, irrelevante ou inexistente;Sim;16;Não
0899-1/02;0899102;B;Indústrias extrativas;08;089;0899-1;02;Extração de quartzo;I;Risco baixo, irrelevante ou inexistente;I;I;Risco baixo, irrelevante ou inexistente;Sim;16;Não
0899-1/03;0899103;B;Indústrias extrativas;08;089;0899-1;03;Extração de amianto;I;Risco baixo, irrelevante ou inexistente;I;I;Risco baixo, irrelevante ou inexistente;Sim;16;Não
0899-1/99;0899199;B;Indústrias extrativas;08;089;0899-1;99;Extração de outros minerais não-metálicos não especificados anteriormente;I;Risco baixo, irrelevante ou inexistente;I;I;Risco baixo, irrelevante ou inexistente;Sim;16;Não
0910-6/00;0910600;B;Indústrias extrativas;09;091;0910-6;00;Atividades de apoio à extração de petróleo e gás natural;I;Risco baixo, irrelevante ou inexistente;I;I;Risco baixo, irrelevante ou inexistente;Sim;16;Não
0990-4/01;0990401;B;Indústrias extrativas;09;099;0990-4;01;Atividades de apoio à extração de minério de ferro;I;Risco baixo, irrelevante ou inexistente;I;I;Risco baixo, irrelevante ou inexistente;Sim;16;Não
0990-4/02;0990402;B;Indústrias extrativas;09;099;0990-4;02;Atividades de apoio à extração de minerais metálicos não-ferrosos;I;Risco baixo, irrelevante ou inexistente;I;I;Risco baixo, irrelevante ou inexistente;Sim;16;Não
0990-4/03;0990403;B;Indústrias extrativas;09;099;0990-4;03;Atividades de apoio à extração de minerais não-metálicos;I;Risco baixo, irrelevante ou inexistente;I;I;Risco baixo, irrelevante ou inexistente;Sim;16;Não
1011-2/01;1011201;C;Indústrias de transformação;10;101;1011-2;01;Frigorífico -abate de bovinos;I;Risco baixo, irrelevante ou inexistente;I;I;Risco baixo, irrelevante ou inexistente;Sim;16;Não
1011-2/02;1011202;C;Indústrias de transformação;10;101;1011-2;02;Frigorífico -abate de eqüinos;I;Risco baixo, irrelevante ou inexistente;I;I;Risco baixo, irrelevante ou inexistente;Sim;16;Não
1011-2/03;1011203;C;Indústrias de transformação;10;101;1011-2;03;Frigorífico -abate de ovinos e caprinos;I;Risco baixo, irrelevante ou inexistente;I;I;Risco baixo, irrelevante ou inexistente;Sim;16;Não
1011-2/04;1011204;C;Indústrias de transformação;10;101;1011-2;04;Frigorífico -abate de bufalinos;I;Risco baixo, irrelevante ou inexistente;I;I;Risco baixo, irrelevante ou inexistente;Sim;16;Não
1011-2/05;1011205;C;Indústrias de transformação;10;101;1011-2;05;Matadouro -abate de reses sob contrato -exceto abate de suínos;I;Risco baixo, irrelevante ou inexistente;I;I;Risco baixo, irrelevante ou inexistente;Sim;16;Não
1012-1/01;1012101;C;Indústrias de transformação;10;101;1012-1;01;Abate de aves;I;Risco baixo, irrelevante ou inexistente;I;I;Risco baixo, irrelevante ou inexistente;Sim;16;Não
1012-1/02;1012102;C;Indústrias de transformação;10;101;1012-1;02;Abate de pequenos animais;I;Risco baixo, irrelevante ou inexistente;I;I;Risco baixo, irrelevante ou inexistente;Sim;16;Não
1012-1/03;1012103;C;Indústrias de transformação;10;101;1012-1;03;Frigorífico -abate de suínos;I;Risco baixo, irrelevante ou inexistente;I;I;Risco baixo, irrelevante ou inexistente;Sim;16;Não
1012-1/04;1012104;C;Indústrias de transformação;10;101;1012-1;04;Matadouro -abate de suínos sob contrato;I;Risco baixo, irrelevante ou inexistente;I;I;Risco baixo, irrelevante ou inexistente;Sim;16;Não
1013-9/01;1013901;C;Indústrias de transformação;10;101;1013-9;01;Fabricação de produtos de carne;I;Risco baixo, irrelevante ou inexistente;I;I;Risco baixo, irrelevante ou inexistente;Sim;16;Não
1013-9/02;1013902;C;Indústrias de transformação;10;101;1013-9;02;Preparação de subprodutos do abate;I;Risco baixo, irrelevante ou inexistente;I;I;Risco baixo, irrelevante ou inexistente;Sim;16;Não
1020-1/01;1020101;C;Indústrias de transformação;10;102;1020-1;01;Preservação de peixes, crustáceos e moluscos;I;Risco baixo, irrelevante ou inexistente;I;I;Risco baixo, irrelevante ou inexistente;Sim;16;Não
1020-1/02;1020102;C;Indústrias de transformação;10;102;1020-1;02;Fabricação de conservas de peixes, crustáceos e moluscos;I;Risco baixo, irrelevante ou inexistente;I;I;Risco baixo, irrelevante ou inexistente;Sim;16;Não
1031-7/00;1031700;C;Indústrias de transformação;10;103;1031-7;00;Fabricação de conservas de frutas;I;Risco baixo, irrelevante ou inexistente;II;II ou III;Risco médio ou moderado, ou risco alto;Não;38;Não
1032-5/01;1032501;C;Indústrias de transformação;10;103;1032-5;01;Fabricação de conservas de palmito;I;Risco baixo, irrelevante ou inexistente;II;II ou III;Risco médio ou moderado, ou risco alto;Não;38;Não
1032-5/99;1032599;C;Indústrias de transformação;10;103;1032-5;99;Fabricação de conservas de legumes e outros vegetais, exceto palmito;I;Risco baixo, irrelevante ou inexistente;II;II ou III;Risco médio ou moderado, ou risco alto;Não;38;Não
1033-3/01;1033301;C;Indústrias de transformação;10;103;1033-3;01;Fabricação de sucos concentrados de frutas, hortaliças e legumes;I;Risco baixo, irrelevante ou inexistente;I;I;Risco baixo, irrelevante ou inexistente;Sim;16;Não
1033-3/02;1033302;C;Indústrias de transformação;10;103;1033-3;02;Fabricação de sucos de frutas, hortaliças e legumes, exceto concentrados;I;Risco baixo, irrelevante ou inexistente;II;II ou III;Risco médio ou moderado, ou risco alto;Não;43;Não
1041-4/00;1041400;C;Indústrias de transformação;10;104;1041-4;00;Fabricação de óleos vegetais em bruto, exceto óleo de milho;I;Risco baixo, irrelevante ou inexistente;II;II ou III;Risco médio ou moderado, ou risco alto;Não;43;Não
1042-2/00;1042200;C;Indústrias de transformação;10;104;1042-2;00;Fabricação de óleos vegetais refinados, exceto óleo de milho;I;Risco baixo, irrelevante ou inexistente;II;II ou III;Risco médio ou moderado, ou risco alto;Não;43;Não
1043-1/00;1043100;C;Indústrias de transformação;10;104;1043-1;00;Fabricação de margarina e outras gorduras vegetais e de óleos não-comestíveis de animais;I;Risco baixo, irrelevante ou inexistente;II;II ou III;Risco médio ou moderado, ou risco alto;Não;43;Não
1051-1/00;1051100;C;Indústrias de transformação;10;105;1051-1;00;Preparação do leite;I;Risco baixo, irrelevante ou inexistente;II;II ou III;Risco médio ou moderado, ou risco alto;Não;43;Não
1052-0/00;1052000;C;Indústrias de transformação;10;105;1052-0;00;Fabricação de laticínios;I;Risco baixo, irrelevante ou inexistente;II;II ou III;Risco médio ou moderado, ou risco alto;Não;43;Não
1053-8/00;1053800;C;Indústrias de transformação;10;105;1053-8;00;Fabricação de sorvetes e outros gelados comestíveis;I;Risco baixo, irrelevante ou inexistente;II;II ou III;Risco médio ou moderado, ou risco alto;Não;38;Não
1061-9/01;1061901;C;Indústrias de transformação;10;106;1061-9;01;Beneficiament o de arroz;I;Risco baixo, irrelevante ou inexistente;II;II ou III;Risco médio ou moderado, ou risco alto;Não;38;Não
1061-9/02;1061902;C;Indústrias de transformação;10;106;1061-9;02;Fabricação de produtos do arroz;I;Risco baixo, irrelevante ou inexistente;II;II ou III;Risco médio ou moderado, ou risco alto;Não;38;Não
1062-7/00;1062700;C;Indústrias de transformação;10;106;1062-7;00;Moagem de trigo e fabricação de derivados;I;Risco baixo, irrelevante ou inexistente;II;II ou III;Risco médio ou moderado, ou risco alto;Não;38;Não
1063-5/00;1063500;C;Indústrias de transformação;10;106;1063-5;00;Fabricação de farinha de mandioca e derivados;I;Risco baixo, irrelevante ou inexistente;I;I;Risco baixo, irrelevante ou inexistente;Sim;16;Não
1064-3/00;1064300;C;Indústrias de transformação;10;106;1064-3;00;Fabricação de farinha de milho e derivados, exceto óleos de milho;I;Risco baixo, irrelevante ou inexistente;II;II ou III;Risco médio ou moderado, ou risco alto;Não;39;Não
1065-1/01;1065101;C;Indústrias de transformação;10;106;1065-1;01;Fabricação de amidos e féculas de vegetais;I;Risco baixo, irrelevante ou inexistente;II;II ou III;Risco médio ou moderado, ou risco alto;Não;39;Não
1065-1/02;1065102;C;Indústrias de transformação;10;106;1065-1;02;Fabricação de óleo de milho em bruto;I;Risco baixo, irrelevante ou inexistente;II;II ou III;Risco médio ou moderado, ou risco alto;Não;39;Não
1065-1/03;1065103;C;Indústrias de transformação;10;106;1065-1;03;Fabricação de óleo de milho refinado;I;Risco baixo, irrelevante ou inexistente;II;II ou III;Risco médio ou moderado, ou risco alto;Não;39;Não
1066-0/00;1066000;C;Indústrias de transformação;10;106;1066-0;00;Fabricação de alimentos para animais;I;Risco baixo, irrelevante ou inexistente;I;I;Risco baixo, irrelevante ou inexistente;Sim;16;Não
1069-4/00;1069400;C;Indústrias de transformação;10;106;1069-4;00;Moagem e fabricação de produtos de origem vegetal não especificados anteriormente;I;Risco baixo, irrelevante ou inexistente;II;II ou III;Risco médio ou moderado, ou risco alto;Não;39;Não
1071-6/00;1071600;C;Indústrias de transformação;10;107;1071-6;00;Fabricação de açúcar em bruto;I;Risco baixo, irrelevante ou inexistente;II;II ou III;Risco médio ou moderado, ou risco alto;Não;43;Não
1072-4/01;1072401;C;Indústrias de transformação;10;107;1072-4;01;Fabricação de açúcar de cana refinado;I;Risco baixo, irrelevante ou inexistente;II;II ou III;Risco médio ou moderado, ou risco alto;Não;39;Não
1072-4/02;1072402;C;Indústrias de transformação;10;107;1072-4;02;Fabricação de açúcar de cereais (dextrose) e de beterraba;I;Risco baixo, irrelevante ou inexistente;II;II ou III;Risco médio ou moderado, ou risco alto;Não;39;Não
1081-3/01;1081301;C;Indústrias de transformação;10;108;1081-3;01;Beneficiament o de café;I;Risco baixo, irrelevante ou inexistente;II;II ou III;Risco médio ou moderado, ou risco alto;Não;39;Não
1081-3/02;1081302;C;Indústrias de transformação;10;108;1081-3;02;Torrefação e moagem de café;I;Risco baixo, irrelevante ou inexistente;II;II ou III;Risco médio ou moderado, ou risco alto;Não;39;Não
1082-1/00;1082100;C;Indústrias de transformação;10;108;1082-1;00;Fabricação de produtos à base de café;I;Risco baixo, irrelevante ou inexistente;II;II ou III;Risco médio ou moderado, ou risco alto;Não;39;Não
1091-1/01;1091101;C;Indústrias de transformação;10;109;1091-1;01;Fabricação de produtos de panificação industrial;I;Risco baixo, irrelevante ou inexistente;II;II ou III;Risco médio ou moderado, ou risco alto;Não;39;Não
1091-1/02;1091102;C;Indústrias de transformação;10;109;1091-1;02;Fabricação de produtos de padaria e confeitaria com predominância de produção própria;I;Risco baixo, irrelevante ou inexistente;II;II ou III;Risco médio ou moderado, ou risco alto;Não;39;Não
1092-9/00;1092900;C;Indústrias de transformação;10;109;1092-9;00;Fabricação de biscoitos e bolachas;I;Risco baixo, irrelevante ou inexistente;II;II ou III;Risco médio ou moderado, ou risco alto;Não;39;Não
1093-7/01;1093701;C;Indústrias de transformação;10;109;1093-7;01;Fabricação de produtos derivados do cacau e de chocolates;I;Risco baixo, irrelevante ou inexistente;II;II ou III;Risco médio ou moderado, ou risco alto;Não;39;Não
1093-7/02;1093702;C;Indústrias de transformação;10;109;1093-7;02;Fabricação de frutas cristalizadas, balas e semelhantes;I;Risco baixo, irrelevante ou inexistente;II;II ou III;Risco médio ou moderado, ou risco alto;Não;39;Não
1094-5/00;1094500;C;Indústrias de transformação;10;109;1094-5;00;Fabricação de massas alimentícias;I;Risco baixo, irrelevante ou inexistente;II;II ou III;Risco médio ou moderado, ou risco alto;Não;39;Não
1095-3/00;1095300;C;Indústrias de transformação;10;109;1095-3;00;Fabricação de especiarias, molhos, temperos e condimentos;I;Risco baixo, irrelevante ou inexistente;II;II ou III;Risco médio ou moderado, ou risco alto;Não;39;Não
1096-1/00;1096100;C;Indústrias de transformação;10;109;1096-1;00;Fabricação de alimentos e pratos prontos;I;Risco baixo, irrelevante ou inexistente;II;II ou III;Risco médio ou moderado, ou risco alto;Não;39;Não
1099-6/01;1099601;C;Indústrias de transformação;10;109;1099-6;01;Fabricação de vinagres;I;Risco baixo, irrelevante ou inexistente;I;I;Risco baixo, irrelevante ou inexistente;Sim;16;Não
1099-6/02;1099602;C;Indústrias de transformação;10;109;1099-6;02;Fabricação de pós alimentícios;I;Risco baixo, irrelevante ou inexistente;II;II ou III;Risco médio ou moderado, ou risco alto;Não;39;Não
1099-6/03;1099603;C;Indústrias de transformação;10;109;1099-6;03;Fabricação de fermentos e leveduras;I;Risco baixo, irrelevante ou inexistente;II;II ou III;Risco médio ou moderado, ou risco alto;Não;39;Não
1099-6/04;1099604;C;Indústrias de transformação;10;109;1099-6;04;Fabricação de gelo comum;I;Risco baixo, irrelevante ou inexistente;I;I;Risco baixo, irrelevante ou inexistente;Sim;16;Não
1099-6/05;1099605;C;Indústrias de transformação;10;109;1099-6;05;Fabricação de produtos para infusão (chá, mate, etc.);I;Risco baixo, irrelevante ou inexistente;II;II ou III;Risco médio ou moderado, ou risco alto;Não;39;Não
1099-6/06;1099606;C;Indústrias de transformação;10;109;1099-6;06;Fabricação de adoçantes naturais e artificiais;I;Risco baixo, irrelevante ou inexistente;II;II ou III;Risco médio ou moderado, ou risco alto;Não;39;Não
1099-6/07;1099607;C;Indústrias de transformação;10;109;1099-6;07;Fabricação de alimentos dietéticos e complementos alimentares;I;Risco baixo, irrelevante ou inexistente;II;II ou III;Risco médio ou moderado, ou risco alto;Não;39;Não
1099-6/99;1099699;C;Indústrias de transformação;10;109;1099-6;99;Fabricação de outros produtos alimentícios não especificados anteriormente;I;Risco baixo, irrelevante ou inexistente;II;II ou III;Risco médio ou moderado, ou risco alto;Não;39;Não
1111-9/01;1111901;C;Indústrias de transformação;11;111;1111-9;01;Fabricação de aguardente de cana-de-açúcar;I;Risco baixo, irrelevante ou inexistente;I;I;Risco baixo, irrelevante ou inexistente;Sim;16;Não
1111-9/02;1111902;C;Indústrias de transformação;11;111;1111-9;02;Fabricação de outras aguardentes e bebidas destiladas;I;Risco baixo, irrelevante ou inexistente;I;I;Risco baixo, irrelevante ou inexistente;Sim;16;Não
1112-7/00;1112700;C;Indústrias de transformação;11;111;1112-7;00;Fabricação de vinho;I;Risco baixo, irrelevante ou inexistente;I;I;Risco baixo, irrelevante ou inexistente;Sim;16;Não
1113-5/01;1113501;C;Indústrias de transformação;11;111;1113-5;01;Fabricação de malte, inclusive malte uísque;I;Risco baixo, irrelevante ou inexistente;I;I;Risco baixo, irrelevante ou inexistente;Sim;16;Não
1113-5/02;1113502;C;Indústrias de transformação;11;111;1113-5;02;Fabricação de cervejas e chopes;I;Risco baixo, irrelevante ou inexistente;I;I;Risco baixo, irrelevante ou inexistente;Sim;16;Não
1121-6/00;1121600;C;Indústrias de transformação;11;112;1121-6;00;Fabricação de águas envasadas;I;Risco baixo, irrelevante ou inexistente;II;II ou III;Risco médio ou moderado, ou risco alto;Não;44;Não
1122-4/01;1122401;C;Indústrias de transformação;11;112;1122-4;01;Fabricação de refrigerantes;I;Risco baixo, irrelevante ou inexistente;II;II ou III;Risco médio ou moderado, ou risco alto;Não;44;Não
1122-4/02;1122402;C;Indústrias de transformação;11;112;1122-4;02;Fabricação de chá mate e outros chás prontos para consumo;I;Risco baixo, irrelevante ou inexistente;II;II ou III;Risco médio ou moderado, ou risco alto;Não;39;Não
1122-4/03;1122403;C;Indústrias de transformação;11;112;1122-4;03;Fabricação de refrescos, xaropes e pós para refrescos, exceto refrescos de frutas;I;Risco baixo, irrelevante ou inexistente;II;II ou III;Risco médio ou moderado, ou risco alto;Não;39;Não
1122-4/04;1122404;C;Indústrias de transformação;11;112;1122-4;04;Fabricação de bebidas isotônicas;I;Risco baixo, irrelevante ou inexistente;II;II ou III;Risco médio ou moderado, ou risco alto;Não;44;Não
1122-4/99;1122499;C;Indústrias de transformação;11;112;1122-4;99;Fabricação de outras bebidas não-alcoólicas não especificadas anteriormente;I;Risco baixo, irrelevante ou inexistente;II;II ou III;Risco médio ou moderado, ou risco alto;Não;39;Não
1210-7/00;1210700;C;Indústrias de transformação;12;121;1210-7;00;Processament o industrial do fumo;I;Risco baixo, irrelevante ou inexistente;I;I;Risco baixo, irrelevante ou inexistente;Sim;16;Não
1220-4/01;1220401;C;Indústrias de transformação;12;122;1220-4;01;Fabricação de cigarros;I;Risco baixo, irrelevante ou inexistente;I;I;Risco baixo, irrelevante ou inexistente;Sim;16;Não
1220-4/02;1220402;C;Indústrias de transformação;12;122;1220-4;02;Fabricação de cigarrilhas e charutos;I;Risco baixo, irrelevante ou inexistente;I;I;Risco baixo, irrelevante ou inexistente;Sim;17;Não
1220-4/03;1220403;C;Indústrias de transformação;12;122;1220-4;03;Fabricação de filtros para cigarros;I;Risco baixo, irrelevante ou inexistente;I;I;Risco baixo, irrelevante ou inexistente;Sim;17;Não
1220-4/99;1220499;C;Indústrias de transformação;12;122;1220-4;99;Fabricação de outros produtos do fumo, exceto cigarros, cigarrilhas e charutos;I;Risco baixo, irrelevante ou inexistente;I;I;Risco baixo, irrelevante ou inexistente;Sim;17;Não
1311-1/00;1311100;C;Indústrias de transformação;13;131;1311-1;00;Preparação e fiação de fibras de algodão;I;Risco baixo, irrelevante ou inexistente;I;I;Risco baixo, irrelevante ou inexistente;Sim;17;Não
1312-0/00;1312000;C;Indústrias de transformação;13;131;1312-0;00;Preparação e fiação de fibras têxteis naturais, exceto algodão;I;Risco baixo, irrelevante ou inexistente;I;I;Risco baixo, irrelevante ou inexistente;Sim;17;Não
1313-8/00;1313800;C;Indústrias de transformação;13;131;1313-8;00;Fiação de fibras artificiais e sintéticas;I;Risco baixo, irrelevante ou inexistente;I;I;Risco baixo, irrelevante ou inexistente;Sim;17;Não
1314-6/00;1314600;C;Indústrias de transformação;13;131;1314-6;00;Fabricação de linhas para costurar e bordar;I;Risco baixo, irrelevante ou inexistente;I;I;Risco baixo, irrelevante ou inexistente;Sim;17;Não
1321-9/00;1321900;C;Indústrias de transformação;13;132;1321-9;00;Tecelagem de fios de algodão;I;Risco baixo, irrelevante ou inexistente;I;I;Risco baixo, irrelevante ou inexistente;Sim;17;Não
1322-7/00;1322700;C;Indústrias de transformação;13;132;1322-7;00;Tecelagem de fios de fibras têxteis naturais, exceto algodão;I;Risco baixo, irrelevante ou inexistente;I;I;Risco baixo, irrelevante ou inexistente;Sim;17;Não
1323-5/00;1323500;C;Indústrias de transformação;13;132;1323-5;00;Tecelagem de fios de fibras artificiais e sintéticas;I;Risco baixo, irrelevante ou inexistente;I;I;Risco baixo, irrelevante ou inexistente;Sim;17;Não
1330-8/00;1330800;C;Indústrias de transformação;13;133;1330-8;00;Fabricação de tecidos de malha;I;Risco baixo, irrelevante ou inexistente;I;I;Risco baixo, irrelevante ou inexistente;Sim;17;Não
1340-5/01;1340501;C;Indústrias de transformação;13;134;1340-5;01;Estamparia e texturização em fios, tecidos, artefatos têxteis e peças do vestuário;I;Risco baixo, irrelevante ou inexistente;I;I;Risco baixo, irrelevante ou inexistente;Sim;17;Não
1340-5/02;1340502;C;Indústrias de transformação;13;134;1340-5;02;Alvejamento, tingimento e torção em fios, tecidos, artefatos têxteis e peças do vestuário;I;Risco baixo, irrelevante ou inexistente;I;I;Risco baixo, irrelevante ou inexistente;Sim;17;Não
1340-5/99;1340599;C;Indústrias de transformação;13;134;1340-5;99;Outros serviços de acabamento em fios, tecidos, artefatos têxteis e peças do vestuário;I;Risco baixo, irrelevante ou inexistente;I;I;Risco baixo, irrelevante ou inexistente;Sim;17;Não
1351-1/00;1351100;C;Indústrias de transformação;13;135;1351-1;00;Fabricação de artefatos têxteis para uso doméstico;I;Risco baixo, irrelevante ou inexistente;I;I;Risco baixo, irrelevante ou inexistente;Sim;17;Não
1352-9/00;1352900;C;Indústrias de transformação;13;135;1352-9;00;Fabricação de artefatos de tapeçaria;I;Risco baixo, irrelevante ou inexistente;I;I;Risco baixo, irrelevante ou inexistente;Sim;17;Não
1353-7/00;1353700;C;Indústrias de transformação;13;135;1353-7;00;Fabricação de artefatos de cordoaria;I;Risco baixo, irrelevante ou inexistente;I;I;Risco baixo, irrelevante ou inexistente;Sim;17;Não
1354-5/00;1354500;C;Indústrias de transformação;13;135;1354-5;00;Fabricação de tecidos especiais, inclusive artefatos;I;Risco baixo, irrelevante ou inexistente;I;I;Risco baixo, irrelevante ou inexistente;Sim;17;Não
1359-6/00;1359600;C;Indústrias de transformação;13;135;1359-6;00;Fabricação de outros produtos têxteis não especificados anteriormente;I;Risco baixo, irrelevante ou inexistente;II;II ou III;Risco médio ou moderado, ou risco alto;Não;44;Não
1411-8/01;1411801;C;Indústrias de transformação;14;141;1411-8;01;Confecção de roupas íntimas;I;Risco baixo, irrelevante ou inexistente;II;II ou III;Risco médio ou moderado, ou risco alto;Não;44;Não
1411-8/02;1411802;C;Indústrias de transformação;14;141;1411-8;02;Facção de roupas íntimas;I;Risco baixo, irrelevante ou inexistente;I;I;Risco baixo, irrelevante ou inexistente;Sim;17;Não
1412-6/01;1412601;C;Indústrias de transformação;14;141;1412-6;01;Confecção de peças do vestuário, exceto roupas íntimas e as confeccionada s sob medida;I;Risco baixo, irrelevante ou inexistente;II;II ou III;Risco médio ou moderado, ou risco alto;Não;44;Não
1412-6/02;1412602;C;Indústrias de transformação;14;141;1412-6;02;Confecção, sob medida, de peças do vestuário, exceto roupas íntimas;I;Risco baixo, irrelevante ou inexistente;II;II ou III;Risco médio ou moderado, ou risco alto;Não;44;Não
1412-6/03;1412603;C;Indústrias de transformação;14;141;1412-6;03;Facção de peças do vestuário, exceto roupas íntimas;I;Risco baixo, irrelevante ou inexistente;I;I;Risco baixo, irrelevante ou inexistente;Sim;17;Não
1413-4/01;1413401;C;Indústrias de transformação;14;141;1413-4;01;Confecção de roupas profissionais, exceto sob medida;I;Risco baixo, irrelevante ou inexistente;I;I;Risco baixo, irrelevante ou inexistente;Sim;17;Não
1413-4/02;1413402;C;Indústrias de transformação;14;141;1413-4;02;Confecção, sob medida, de roupas profissionais;I;Risco baixo, irrelevante ou inexistente;I;I;Risco baixo, irrelevante ou inexistente;Sim;17;Não
1413-4/03;1413403;C;Indústrias de transformação;14;141;1413-4;03;Facção de roupas profissionais;I;Risco baixo, irrelevante ou inexistente;I;I;Risco baixo, irrelevante ou inexistente;Sim;17;Não
1414-2/00;1414200;C;Indústrias de transformação;14;141;1414-2;00;Fabricação de acessórios do vestuário, exceto para segurança e proteção;I;Risco baixo, irrelevante ou inexistente;I;I;Risco baixo, irrelevante ou inexistente;Sim;17;Não
1421-5/00;1421500;C;Indústrias de transformação;14;142;1421-5;00;Fabricação de meias;I;Risco baixo, irrelevante ou inexistente;I;I;Risco baixo, irrelevante ou inexistente;Sim;17;Não
1422-3/00;1422300;C;Indústrias de transformação;14;142;1422-3;00;Fabricação de artigos do vestuário, produzidos em malharias e tricotagens, exceto meias;I;Risco baixo, irrelevante ou inexistente;I;I;Risco baixo, irrelevante ou inexistente;Sim;17;Não
1510-6/00;1510600;C;Indústrias de transformação;15;151;1510-6;00;Curtimento e outras preparações de couro;I;Risco baixo, irrelevante ou inexistente;II;II ou III;Risco médio ou moderado, ou risco alto;Não;44;Não
1521-1/00;1521100;C;Indústrias de transformação;15;152;1521-1;00;Fabricação de artigos para viagem, bolsas e semelhantes de qualquer material;I;Risco baixo, irrelevante ou inexistente;I;I;Risco baixo, irrelevante ou inexistente;Sim;17;Não
1529-7/00;1529700;C;Indústrias de transformação;15;152;1529-7;00;Fabricação de artefatos de couro não especificados anteriormente;I;Risco baixo, irrelevante ou inexistente;I;I;Risco baixo, irrelevante ou inexistente;Sim;17;Não
1531-9/01;1531901;C;Indústrias de transformação;15;153;1531-9;01;Fabricação de calçados de couro;I;Risco baixo, irrelevante ou inexistente;I;I;Risco baixo, irrelevante ou inexistente;Sim;17;Não
1531-9/02;1531902;C;Indústrias de transformação;15;153;1531-9;02;Acabamento de calçados de couro sob contrato;I;Risco baixo, irrelevante ou inexistente;I;I;Risco baixo, irrelevante ou inexistente;Sim;17;Não
1532-7/00;1532700;C;Indústrias de transformação;15;153;1532-7;00;Fabricação de tênis de qualquer material;I;Risco baixo, irrelevante ou inexistente;II;II ou III;Risco médio ou moderado, ou risco alto;Não;44;Não
1533-5/00;1533500;C;Indústrias de transformação;15;153;1533-5;00;Fabricação de calçados de material sintético;I;Risco baixo, irrelevante ou inexistente;II;II ou III;Risco médio ou moderado, ou risco alto;Não;44;Não
1539-4/00;1539400;C;Indústrias de transformação;15;153;1539-4;00;Fabricação de calçados de materiais não especificados anteriormente;I;Risco baixo, irrelevante ou inexistente;II;II ou III;Risco médio ou moderado, ou risco alto;Não;44;Não
1540-8/00;1540800;C;Indústrias de transformação;15;154;1540-8;00;Fabricação de partes para calçados, de qualquer material;I;Risco baixo, irrelevante ou inexistente;I;I;Risco baixo, irrelevante ou inexistente;Sim;17;Não
1610-2/01;1610201;C;Indústrias de transformação;16;161;1610-2;01;Serrarias com desdobrament o de madeira;I;Risco baixo, irrelevante ou inexistente;I;I;Risco baixo, irrelevante ou inexistente;Sim;17;Não
1610-2/02;1610202;C;Indústrias de transformação;16;161;1610-2;02;Serrarias sem desdobrament o de madeira;I;Risco baixo, irrelevante ou inexistente;I;I;Risco baixo, irrelevante ou inexistente;Sim;17;Não
1610-2/03;1610203;C;Indústrias de transformação;16;161;1610-2;03;Serrarias com desdobrament o de madeira em bruto;I;Risco baixo, irrelevante ou inexistente;II;II ou III;Risco médio ou moderado, ou risco alto;Não;44;Não
1610-2/04;1610204;C;Indústrias de transformação;16;161;1610-2;04;Serrarias sem desdobrament o de madeira em bruto -resserragem;I;Risco baixo, irrelevante ou inexistente;II;II ou III;Risco médio ou moderado, ou risco alto;Não;44;Não
1610-2/05;1610205;C;Indústrias de transformação;16;161;1610-2;05;Serviço de tratamento de madeira realizado sob contrato;I;Risco baixo, irrelevante ou inexistente;II;II ou III;Risco médio ou moderado, ou risco alto;Não;44;Não
1621-8/00;1621800;C;Indústrias de transformação;16;162;1621-8;00;Fabricação de madeira laminada e de chapas de madeira compensada, prensada e aglomerada;II;Risco médio ou moderado;II;II ou III;Risco médio ou moderado, ou risco alto;Não;44;Não
1622-6/01;1622601;C;Indústrias de transformação;16;162;1622-6;01;Fabricação de casas de madeira pré-fabricadas;I;Risco baixo, irrelevante ou inexistente;I;I;Risco baixo, irrelevante ou inexistente;Sim;17;Não
1622-6/02;1622602;C;Indústrias de transformação;16;162;1622-6;02;Fabricação de esquadrias de madeira e de peças de madeira para instalações industriais e comerciais;I;Risco baixo, irrelevante ou inexistente;I;I;Risco baixo, irrelevante ou inexistente;Sim;17;Não
1622-6/99;1622699;C;Indústrias de transformação;16;162;1622-6;99;Fabricação de outros artigos de carpintaria para construção;I;Risco baixo, irrelevante ou inexistente;I;I;Risco baixo, irrelevante ou inexistente;Sim;17;Não
1623-4/00;1623400;C;Indústrias de transformação;16;162;1623-4;00;Fabricação de artefatos de tanoaria e de embalagens de madeira;I;Risco baixo, irrelevante ou inexistente;I;I;Risco baixo, irrelevante ou inexistente;Sim;17;Não
1629-3/01;1629301;C;Indústrias de transformação;16;162;1629-3;01;Fabricação de artefatos diversos de madeira, exceto móveis;I;Risco baixo, irrelevante ou inexistente;I;I;Risco baixo, irrelevante ou inexistente;Sim;17;Não
1629-3/02;1629302;C;Indústrias de transformação;16;162;1629-3;02;Fabricação de artefatos diversos de cortiça, bambu, palha, vime e outros materiais trançados, exceto móveis;I;Risco baixo, irrelevante ou inexistente;I;I;Risco baixo, irrelevante ou inexistente;Sim;17;Não
1710-9/00;1710900;C;Indústrias de transformação;17;171;1710-9;00;Fabricação de celulose e outras pastas para a fabricação de papel;I;Risco baixo, irrelevante ou inexistente;I;I;Risco baixo, irrelevante ou inexistente;Sim;17;Não
1721-4/00;1721400;C;Indústrias de transformação;17;172;1721-4;00;Fabricação de papel;I;Risco baixo, irrelevante ou inexistente;I;I;Risco baixo, irrelevante ou inexistente;Sim;18;Não
1722-2/00;1722200;C;Indústrias de transformação;17;172;1722-2;00;Fabricação de cartolina e papel-cartão;I;Risco baixo, irrelevante ou inexistente;I;I;Risco baixo, irrelevante ou inexistente;Sim;18;Não
1731-1/00;1731100;C;Indústrias de transformação;17;173;1731-1;00;Fabricação de embalagens de papel;I;Risco baixo, irrelevante ou inexistente;I;I;Risco baixo, irrelevante ou inexistente;Sim;18;Não
1732-0/00;1732000;C;Indústrias de transformação;17;173;1732-0;00;Fabricação de embalagens de cartolina e papel-cartão;I;Risco baixo, irrelevante ou inexistente;I;I;Risco baixo, irrelevante ou inexistente;Sim;18;Não
1733-8/00;1733800;C;Indústrias de transformação;17;173;1733-8;00;Fabricação de chapas e de embalagens de papelão ondulado;I;Risco baixo, irrelevante ou inexistente;I;I;Risco baixo, irrelevante ou inexistente;Sim;18;Não
1741-9/01;1741901;C;Indústrias de transformação;17;174;1741-9;01;Fabricação de formulários contínuos;I;Risco baixo, irrelevante ou inexistente;I;I;Risco baixo, irrelevante ou inexistente;Sim;18;Não
1741-9/02;1741902;C;Indústrias de transformação;17;174;1741-9;02;Fabricação de produtos de papel, cartolina, papel-cartão e papelão ondulado para uso industrial, comercial e de escritório, exceto formulário contínuo;I;Risco baixo, irrelevante ou inexistente;I;I;Risco baixo, irrelevante ou inexistente;Sim;18;Não
1742-7/01;1742701;C;Indústrias de transformação;17;174;1742-7;01;Fabricação de fraldas descartáveis;I;Risco baixo, irrelevante ou inexistente;II;II ou III;Risco médio ou moderado, ou risco alto;Não;39;Não
1742-7/02;1742702;C;Indústrias de transformação;17;174;1742-7;02;Fabricação de absorventes higiênicos;I;Risco baixo, irrelevante ou inexistente;II;II ou III;Risco médio ou moderado, ou risco alto;Não;40;Não
1742-7/99;1742799;C;Indústrias de transformação;17;174;1742-7;99;Fabricação de produtos de papel para uso doméstico e higiênico-sanitário não especificados anteriormente;I;Risco baixo, irrelevante ou inexistente;I;I;Risco baixo, irrelevante ou inexistente;Sim;18;Não
1749-4/00;1749400;C;Indústrias de transformação;17;174;1749-4;00;Fabricação de produtos de pastas celulósicas, papel, cartolina, papel-cartão e papelão ondulado não especificados anteriormente;I;Risco baixo, irrelevante ou inexistente;I;I;Risco baixo, irrelevante ou inexistente;Sim;18;Não
1811-3/01;1811301;C;Indústrias de transformação;18;181;1811-3;01;Impressão de jornais;I;Risco baixo, irrelevante ou inexistente;I;I;Risco baixo, irrelevante ou inexistente;Sim;18;Não
1811-3/02;1811302;C;Indústrias de transformação;18;181;1811-3;02;Impressão de livros, revistas e outras publicações periódicas;I;Risco baixo, irrelevante ou inexistente;I;I;Risco baixo, irrelevante ou inexistente;Sim;18;Não
1812-1/00;1812100;C;Indústrias de transformação;18;181;1812-1;00;Impressão de material de segurança;I;Risco baixo, irrelevante ou inexistente;I;I;Risco baixo, irrelevante ou inexistente;Sim;18;Não
1813-0/01;1813001;C;Indústrias de transformação;18;181;1813-0;01;Impressão de material para uso publicitário;I;Risco baixo, irrelevante ou inexistente;I;I;Risco baixo, irrelevante ou inexistente;Sim;18;Não
1813-0/99;1813099;C;Indústrias de transformação;18;181;1813-0;99;Impressão de material para outros usos;I;Risco baixo, irrelevante ou inexistente;I;I;Risco baixo, irrelevante ou inexistente;Sim;18;Não
1821-1/00;1821100;C;Indústrias de transformação;18;182;1821-1;00;Serviços de pré-impressão;I;Risco baixo, irrelevante ou inexistente;I;I;Risco baixo, irrelevante ou inexistente;Sim;18;Não
1822-9/01;1822901;C;Indústrias de transformação;18;182;1822-9;01;Serviços de encadernação e plastificação;I;Risco baixo, irrelevante ou inexistente;I;I;Risco baixo, irrelevante ou inexistente;Sim;18;Não
1822-9/99;1822999;C;Indústrias de transformação;18;182;1822-9;99;Serviços de acabamentos gráficos, exceto encadernação e plastificação;I;Risco baixo, irrelevante ou inexistente;I;I;Risco baixo, irrelevante ou inexistente;Sim;18;Não
1830-0/01;1830001;C;Indústrias de transformação;18;183;1830-0;01;Reprodução de som em qualquer;I;Risco baixo, irrelevante ou inexistente;I;I;Risco baixo, irrelevante ou inexistente;Sim;18;Não
1830-0/02;1830002;C;Indústrias de transformação;18;183;1830-0;02;Reprodução de vídeo em qualquer suporte;I;Risco baixo, irrelevante ou inexistente;I;I;Risco baixo, irrelevante ou inexistente;Sim;18;Não
1830-0/03;1830003;C;Indústrias de transformação;18;183;1830-0;03;Reprodução de software em qualquer suporte;I;Risco baixo, irrelevante ou inexistente;I;I;Risco baixo, irrelevante ou inexistente;Sim;18;Não
1910-1/00;1910100;C;Indústrias de transformação;19;191;1910-1;00;Coquerias;III;Risco alto;II;II ou III;Risco médio ou moderado, ou risco alto;Não;44;Não
1921-7/00;1921700;C;Indústrias de transformação;19;192;1921-7;00;Fabricação de produtos do refino de petróleo;III;Risco alto;II;II ou III;Risco médio ou moderado, ou risco alto;Não;44;Não
1922-5/01;1922501;C;Indústrias de transformação;19;192;1922-5;01;Formulação de combustíveis;III;Risco alto;II;II ou III;Risco médio ou moderado, ou risco alto;Não;44;Não
1922-5/02;1922502;C;Indústrias de transformação;19;192;1922-5;02;Rerrefino de óleos lubrificantes;III;Risco alto;II;II ou III;Risco médio ou moderado, ou risco alto;Não;44;Não
1922-5/99;1922599;C;Indústrias de transformação;19;192;1922-5;99;Fabricação de outros produtos derivados do petróleo, exceto produtos do refino;III;Risco alto;II;II ou III;Risco médio ou moderado, ou risco alto;Não;44;Não
1931-4/00;1931400;C;Indústrias de transformação;19;193;1931-4;00;Fabricação de álcool;III;Risco alto;II;II ou III;Risco médio ou moderado, ou risco alto;Não;44;Não
1932-2/00;1932200;C;Indústrias de transformação;19;193;1932-2;00;Fabricação de biocombustívei s, exceto álcool;III;Risco alto;II;II ou III;Risco médio ou moderado, ou risco alto;Não;44;Não
2011-8/00;2011800;C;Indústrias de transformação;20;201;2011-8;00;Fabricação de cloro e álcalis;II;Risco médio ou moderado;II;II ou III;Risco médio ou moderado, ou risco alto;Não;44;Não
2012-6/00;2012600;C;Indústrias de transformação;20;201;2012-6;00;Fabricação de intermediários para fertilizantes;II;Risco médio ou moderado;II;II ou III;Risco médio ou moderado, ou risco alto;Não;44;Não
2013-4/01;2013401;C;Indústrias de transformação;20;201;2013-4;01;Fabricação de adubos e fertilizantes organo-minerais;II;Risco médio ou moderado;II;II ou III;Risco médio ou moderado, ou risco alto;Não;44;Não
2013-4/02;2013402;C;Indústrias de transformação;20;201;2013-4;02;Fabricação de adubos e fertilizantes, exceto organo-minerais;II;Risco médio ou moderado;II;II ou III;Risco médio ou moderado, ou risco alto;Não;44;Não
2014-2/00;2014200;C;Indústrias de transformação;20;201;2014-2;00;Fabricação de gases industriais;III;Risco alto;II;II ou III;Risco médio ou moderado, ou risco alto;Não;44;Não
2019-3/01;2019301;C;Indústrias de transformação;20;201;2019-3;01;Elaboração de combustíveis nucleares;III;Risco alto;II;II ou III;Risco médio ou moderado, ou risco alto;Não;44;Não
2019-3/99;2019399;C;Indústrias de transformação;20;201;2019-3;99;Fabricação de outros produtos químicos inorgânicos não especificados anteriormente;II;Risco médio ou moderado;II;II ou III;Risco médio ou moderado, ou risco alto;Não;44;Não
2021-5/00;2021500;C;Indústrias de transformação;20;202;2021-5;00;Fabricação de produtos petroquímicos básicos;III;Risco alto;II;II ou III;Risco médio ou moderado, ou risco alto;Não;44;Não
2022-3/00;2022300;C;Indústrias de transformação;20;202;2022-3;00;Fabricação de intermediários para plastificantes, resinas e fibras;II;Risco médio ou moderado;II;II ou III;Risco médio ou moderado, ou risco alto;Não;44;Não
2029-1/00;2029100;C;Indústrias de transformação;20;202;2029-1;00;Fabricação de produtos químicos orgânicos não especificados anteriormente;II;Risco médio ou moderado;II;II ou III;Risco médio ou moderado, ou risco alto;Não;44;Não
2031-2/00;2031200;C;Indústrias de transformação;20;203;2031-2;00;Fabricação de resinas termoplásticas;II;Risco médio ou moderado;II;II ou III;Risco médio ou moderado, ou risco alto;Não;44;Não
2032-1/00;2032100;C;Indústrias de transformação;20;203;2032-1;00;Fabricação de resinas termofixas;II;Risco médio ou moderado;II;II ou III;Risco médio ou moderado, ou risco alto;Não;44;Não
2033-9/00;2033900;C;Indústrias de transformação;20;203;2033-9;00;Fabricação de elastômeros;II;Risco médio ou moderado;II;II ou III;Risco médio ou moderado, ou risco alto;Não;44;Não
2040-1/00;2040100;C;Indústrias de transformação;20;204;2040-1;00;Fabricação de fibras artificiais e sintéticas;II;Risco médio ou moderado;II;II ou III;Risco médio ou moderado, ou risco alto;Não;44;Não
2051-7/00;2051700;C;Indústrias de transformação;20;205;2051-7;00;Fabricação de defensivos agrícolas;II;Risco médio ou moderado;II;II ou III;Risco médio ou moderado, ou risco alto;Não;44;Não
2052-5/00;2052500;C;Indústrias de transformação;20;205;2052-5;00;Fabricação de desinfestantes domissanitário s;II;Risco médio ou moderado;II;II ou III;Risco médio ou moderado, ou risco alto;Não;44;Não
2061-4/00;2061400;C;Indústrias de transformação;20;206;2061-4;00;Fabricação de sabões e detergentes sintéticos;II;Risco médio ou moderado;II;II ou III;Risco médio ou moderado, ou risco alto;Não;44;Não
2062-2/00;2062200;C;Indústrias de transformação;20;206;2062-2;00;Fabricação de produtos de limpeza e polimento;II;Risco médio ou moderado;II;II ou III;Risco médio ou moderado, ou risco alto;Não;44;Não
2063-1/00;2063100;C;Indústrias de transformação;20;206;2063-1;00;Fabricação de cosméticos, produtos de perfumaria e de higiene pessoal;II;Risco médio ou moderado;II;II ou III;Risco médio ou moderado, ou risco alto;Não;44;Não
2071-1/00;2071100;C;Indústrias de transformação;20;207;2071-1;00;Fabricação de tintas, vernizes, esmaltes e lacas;III;Risco alto;II;II ou III;Risco médio ou moderado, ou risco alto;Não;44;Não
2072-0/00;2072000;C;Indústrias de transformação;20;207;2072-0;00;Fabricação de tintas de impressão;III;Risco alto;II;II ou III;Risco médio ou moderado, ou risco alto;Não;44;Não
2073-8/00;2073800;C;Indústrias de transformação;20;207;2073-8;00;Fabricação de impermeabiliz antes, solventes e produtos afins;III;Risco alto;II;II ou III;Risco médio ou moderado, ou risco alto;Não;44;Não
2091-6/00;2091600;C;Indústrias de transformação;20;209;2091-6;00;Fabricação de adesivos e selantes;II;Risco médio ou moderado;II;II ou III;Risco médio ou moderado, ou risco alto;Não;45;Não
2092-4/01;2092401;C;Indústrias de transformação;20;209;2092-4;01;Fabricação de pólvoras, explosivos e detonantes;III;Risco alto;II;II ou III;Risco médio ou moderado, ou risco alto;Não;45;Não
2092-4/02;2092402;C;Indústrias de transformação;20;209;2092-4;02;Fabricação de artigos pirotécnicos;III;Risco alto;II;II ou III;Risco médio ou moderado, ou risco alto;Não;45;Não
2092-4/03;2092403;C;Indústrias de transformação;20;209;2092-4;03;Fabricação de fósforos de segurança;III;Risco alto;II;II ou III;Risco médio ou moderado, ou risco alto;Não;45;Não
2093-2/00;2093200;C;Indústrias de transformação;20;209;2093-2;00;Fabricação de aditivos de uso industrial;III;Risco alto;II;II ou III;Risco médio ou moderado, ou risco alto;Não;45;Não
2094-1/00;2094100;C;Indústrias de transformação;20;209;2094-1;00;Fabricação de catalisadores;I;Risco baixo, irrelevante ou inexistente;I;I;Risco baixo, irrelevante ou inexistente;Sim;18;Não
2099-1/01;2099101;C;Indústrias de transformação;20;209;2099-1;01;Fabricação de chapas, filmes, papéis e outros materiais e produtos químicos para fotografia;I;Risco baixo, irrelevante ou inexistente;I;I;Risco baixo, irrelevante ou inexistente;Sim;18;Não
2099-1/99;2099199;C;Indústrias de transformação;20;209;2099-1;99;Fabricação de outros produtos químicos não especificados anteriormente;I;Risco baixo, irrelevante ou inexistente;I;I;Risco baixo, irrelevante ou inexistente;Sim;18;Não
2110-6/00;2110600;C;Indústrias de transformação;21;211;2110-6;00;Fabricação de produtos farmoquímicos;I;Risco baixo, irrelevante ou inexistente;II;II ou III;Risco médio ou moderado, ou risco alto;Não;45;Não
2121-1/01;2121101;C;Indústrias de transformação;21;212;2121-1;01;Fabricação de medicamentos alopáticos para uso humano;I;Risco baixo, irrelevante ou inexistente;II;II ou III;Risco médio ou moderado, ou risco alto;Não;45;Não
2121-1/02;2121102;C;Indústrias de transformação;21;212;2121-1;02;Fabricação de medicamentos homeopáticos para uso humano;I;Risco baixo, irrelevante ou inexistente;II;II ou III;Risco médio ou moderado, ou risco alto;Não;45;Não
2121-1/03;2121103;C;Indústrias de transformação;21;212;2121-1;03;Fabricação de medicamentos fitoterápicos para uso humano;I;Risco baixo, irrelevante ou inexistente;II;II ou III;Risco médio ou moderado, ou risco alto;Não;45;Não
2122-0/00;2122000;C;Indústrias de transformação;21;212;2122-0;00;Fabricação de medicamentos para uso veterinário;I;Risco baixo, irrelevante ou inexistente;I;I;Risco baixo, irrelevante ou inexistente;Sim;18;Não
2123-8/00;2123800;C;Indústrias de transformação;21;212;2123-8;00;Fabricação de preparações farmacêuticas;I;Risco baixo, irrelevante ou inexistente;II;II ou III;Risco médio ou moderado, ou risco alto;Não;45;Não
2211-1/00;2211100;C;Indústrias de transformação;22;221;2211-1;00;Fabricação de pneumáticos e de câmaras-de-ar;I;Risco baixo, irrelevante ou inexistente;I;I;Risco baixo, irrelevante ou inexistente;Sim;18;Não
2212-9/00;2212900;C;Indústrias de transformação;22;221;2212-9;00;Reforma de pneumáticos usados;I;Risco baixo, irrelevante ou inexistente;I;I;Risco baixo, irrelevante ou inexistente;Sim;18;Não
2219-6/00;2219600;C;Indústrias de transformação;22;221;2219-6;00;Fabricação de artefatos de borracha não especificados anteriormente;I;Risco baixo, irrelevante ou inexistente;I;I;Risco baixo, irrelevante ou inexistente;Sim;18;Não
2221-8/00;2221800;C;Indústrias de transformação;22;222;2221-8;00;Fabricação de laminados planos e tubulares de material plástico;I;Risco baixo, irrelevante ou inexistente;I;I;Risco baixo, irrelevante ou inexistente;Sim;18;Não
2222-6/00;2222600;C;Indústrias de transformação;22;222;2222-6;00;Fabricação de embalagens de material plástico;I;Risco baixo, irrelevante ou inexistente;I;I;Risco baixo, irrelevante ou inexistente;Sim;18;Não
2223-4/00;2223400;C;Indústrias de transformação;22;222;2223-4;00;Fabricação de tubos e acessórios de material plástico para uso na construção;I;Risco baixo, irrelevante ou inexistente;I;I;Risco baixo, irrelevante ou inexistente;Sim;18;Não
2229-3/01;2229301;C;Indústrias de transformação;22;222;2229-3;01;Fabricação de artefatos de material plástico para uso pessoal e doméstico;I;Risco baixo, irrelevante ou inexistente;I;I;Risco baixo, irrelevante ou inexistente;Sim;18;Não
2229-3/02;2229302;C;Indústrias de transformação;22;222;2229-3;02;Fabricação de artefatos de material plástico para usos industriais;I;Risco baixo, irrelevante ou inexistente;I;I;Risco baixo, irrelevante ou inexistente;Sim;18;Não
2229-3/03;2229303;C;Indústrias de transformação;22;222;2229-3;03;Fabricação de artefatos de material plástico para uso na construção, exceto tubos e acessórios;I;Risco baixo, irrelevante ou inexistente;I;I;Risco baixo, irrelevante ou inexistente;Sim;18;Não
2229-3/99;2229399;C;Indústrias de transformação;22;222;2229-3;99;Fabricação de artefatos de material;I;Risco baixo, irrelevante ou inexistente;I;I;Risco baixo, irrelevante ou inexistente;Sim;18;Não
2311-7/00;2311700;C;Indústrias de transformação;23;231;2311-7;00;Fabricação de vidro plano e de segurança;I;Risco baixo, irrelevante ou inexistente;I;I;Risco baixo, irrelevante ou inexistente;Sim;19;Não
2312-5/00;2312500;C;Indústrias de transformação;23;231;2312-5;00;Fabricação de embalagens de vidro;I;Risco baixo, irrelevante ou inexistente;I;I;Risco baixo, irrelevante ou inexistente;Sim;19;Não
2319-2/00;2319200;C;Indústrias de transformação;23;231;2319-2;00;Fabricação de artigos de vidro;I;Risco baixo, irrelevante ou inexistente;I;I;Risco baixo, irrelevante ou inexistente;Sim;19;Não
2320-6/00;2320600;C;Indústrias de transformação;23;232;2320-6;00;Fabricação de cimento;I;Risco baixo, irrelevante ou inexistente;I;I;Risco baixo, irrelevante ou inexistente;Sim;19;Não
2330-3/01;2330301;C;Indústrias de transformação;23;233;2330-3;01;Fabricação de estruturas pré-moldadas de concreto armado, em série e sob encomenda;I;Risco baixo, irrelevante ou inexistente;I;I;Risco baixo, irrelevante ou inexistente;Sim;19;Não
2330-3/02;2330302;C;Indústrias de transformação;23;233;2330-3;02;Fabricação de artefatos de cimento para uso na construção;I;Risco baixo, irrelevante ou inexistente;I;I;Risco baixo, irrelevante ou inexistente;Sim;19;Não
2330-3/03;2330303;C;Indústrias de transformação;23;233;2330-3;03;Fabricação de artefatos de fibrocimento para uso na construção;I;Risco baixo, irrelevante ou inexistente;I;I;Risco baixo, irrelevante ou inexistente;Sim;19;Não
2330-3/04;2330304;C;Indústrias de transformação;23;233;2330-3;04;Fabricação de casas pré-moldadas de concreto;I;Risco baixo, irrelevante ou inexistente;I;I;Risco baixo, irrelevante ou inexistente;Sim;19;Não
2330-3/05;2330305;C;Indústrias de transformação;23;233;2330-3;05;Preparação de massa de concreto e argamassa para construção;I;Risco baixo, irrelevante ou inexistente;I;I;Risco baixo, irrelevante ou inexistente;Sim;19;Não
2330-3/99;2330399;C;Indústrias de transformação;23;233;2330-3;99;Fabricação de outros artefatos e produtos de concreto, cimento, fibrocimento, gesso e materiais semelhantes;I;Risco baixo, irrelevante ou inexistente;I;I;Risco baixo, irrelevante ou inexistente;Sim;19;Não
2341-9/00;2341900;C;Indústrias de transformação;23;234;2341-9;00;Fabricação de produtos cerâmicos refratários;I;Risco baixo, irrelevante ou inexistente;I;I;Risco baixo, irrelevante ou inexistente;Sim;19;Não
2342-7/01;2342701;C;Indústrias de transformação;23;234;2342-7;01;Fabricação de azulejos e pisos;I;Risco baixo, irrelevante ou inexistente;I;I;Risco baixo, irrelevante ou inexistente;Sim;19;Não
2342-7/02;2342702;C;Indústrias de transformação;23;234;2342-7;02;Fabricação de artefatos de cerâmica e barro cozido para uso na construção, exceto azulejos e pisos;I;Risco baixo, irrelevante ou inexistente;I;I;Risco baixo, irrelevante ou inexistente;Sim;19;Não
2349-4/01;2349401;C;Indústrias de transformação;23;234;2349-4;01;Fabricação de material sanitário de cerâmica;I;Risco baixo, irrelevante ou inexistente;I;I;Risco baixo, irrelevante ou inexistente;Sim;19;Não
2349-4/99;2349499;C;Indústrias de transformação;23;234;2349-4;99;Fabricação de produtos cerâmicos não-refratários não especificados anteriormente;I;Risco baixo, irrelevante ou inexistente;I;I;Risco baixo, irrelevante ou inexistente;Sim;19;Não
2391-5/01;2391501;C;Indústrias de transformação;23;239;2391-5;01;Britamento de pedras, exceto associado à extração;I;Risco baixo, irrelevante ou inexistente;I;I;Risco baixo, irrelevante ou inexistente;Sim;19;Não
2391-5/02;2391502;C;Indústrias de transformação;23;239;2391-5;02;Aparelhament o de pedras para construção, exceto associado à extração;I;Risco baixo, irrelevante ou inexistente;I;I;Risco baixo, irrelevante ou inexistente;Sim;19;Não
2391-5/03;2391503;C;Indústrias de transformação;23;239;2391-5;03;Aparelhament o de placas e execução de trabalhos em mármore, granito, ardósia e outras pedras;I;Risco baixo, irrelevante ou inexistente;I;I;Risco baixo, irrelevante ou inexistente;Sim;19;Não
2392-3/00;2392300;C;Indústrias de transformação;23;239;2392-3;00;Fabricação de cal e gesso;I;Risco baixo, irrelevante ou inexistente;I;I;Risco baixo, irrelevante ou inexistente;Sim;19;Não
2399-1/01;2399101;C;Indústrias de transformação;23;239;2399-1;01;Decoração, lapidação, gravação, vitrificação e outros trabalhos em cerâmica, louça, vidro e cristal;I;Risco baixo, irrelevante ou inexistente;I;I;Risco baixo, irrelevante ou inexistente;Sim;19;Não
2399-1/02;2399102;C;Indústrias de transformação;23;239;2399-1;02;Fabricação de abrasivos;I;Risco baixo, irrelevante ou inexistente;I;I;Risco baixo, irrelevante ou inexistente;Sim;19;Não
2399-1/99;2399199;C;Indústrias de transformação;23;239;2399-1;99;Fabricação de outros produtos de minerais não-metálicos não especificados anteriormente;I;Risco baixo, irrelevante ou inexistente;I;I;Risco baixo, irrelevante ou inexistente;Sim;19;Não
2411-3/00;2411300;C;Indústrias de transformação;24;241;2411-3;00;Produção de ferro-gusa;I;Risco baixo, irrelevante ou inexistente;I;I;Risco baixo, irrelevante ou inexistente;Sim;19;Não
2412-1/00;2412100;C;Indústrias de transformação;24;241;2412-1;00;Produção de ferroligas;I;Risco baixo, irrelevante ou inexistente;I;I;Risco baixo, irrelevante ou inexistente;Sim;19;Não
2421-1/00;2421100;C;Indústrias de transformação;24;242;2421-1;00;Produção de semi-acabados de aço;I;Risco baixo, irrelevante ou inexistente;I;I;Risco baixo, irrelevante ou inexistente;Sim;19;Não
2422-9/01;2422901;C;Indústrias de transformação;24;242;2422-9;01;Produção de laminados planos de aço ao carbono, revestidos ou não;I;Risco baixo, irrelevante ou inexistente;I;I;Risco baixo, irrelevante ou inexistente;Sim;19;Não
2422-9/02;2422902;C;Indústrias de transformação;24;242;2422-9;02;Produção de laminados planos de aços especiais;I;Risco baixo, irrelevante ou inexistente;I;I;Risco baixo, irrelevante ou inexistente;Sim;19;Não
2423-7/01;2423701;C;Indústrias de transformação;24;242;2423-7;01;Produção de tubos de aço sem costura;I;Risco baixo, irrelevante ou inexistente;I;I;Risco baixo, irrelevante ou inexistente;Sim;19;Não
2423-7/02;2423702;C;Indústrias de transformação;24;242;2423-7;02;Produção de laminados longos de aço, exceto tubos;I;Risco baixo, irrelevante ou inexistente;I;I;Risco baixo, irrelevante ou inexistente;Sim;19;Não
2424-5/01;2424501;C;Indústrias de transformação;24;242;2424-5;01;Produção de arames de aço;I;Risco baixo, irrelevante ou inexistente;I;I;Risco baixo, irrelevante ou inexistente;Sim;19;Não
2424-5/02;2424502;C;Indústrias de transformação;24;242;2424-5;02;Produção de relaminados, trefilados e perfilados de aço, exceto arames;I;Risco baixo, irrelevante ou inexistente;I;I;Risco baixo, irrelevante ou inexistente;Sim;19;Não
2431-8/00;2431800;C;Indústrias de transformação;24;243;2431-8;00;Produção de tubos de aço com costura;I;Risco baixo, irrelevante ou inexistente;I;I;Risco baixo, irrelevante ou inexistente;Sim;19;Não
2439-3/00;2439300;C;Indústrias de transformação;24;243;2439-3;00;Produção de outros tubos de ferro e aço;I;Risco baixo, irrelevante ou inexistente;I;I;Risco baixo, irrelevante ou inexistente;Sim;19;Não
2441-5/01;2441501;C;Indústrias de transformação;24;244;2441-5;01;Produção de alumínio e suas ligas em formas primárias;I;Risco baixo, irrelevante ou inexistente;I;I;Risco baixo, irrelevante ou inexistente;Sim;19;Não
2441-5/02;2441502;C;Indústrias de transformação;24;244;2441-5;02;Produção de laminados de alumínio;I;Risco baixo, irrelevante ou inexistente;I;I;Risco baixo, irrelevante ou inexistente;Sim;19;Não
2442-3/00;2442300;C;Indústrias de transformação;24;244;2442-3;00;Metalurgia dos metais preciosos;I;Risco baixo, irrelevante ou inexistente;I;I;Risco baixo, irrelevante ou inexistente;Sim;19;Não
2443-1/00;2443100;C;Indústrias de transformação;24;244;2443-1;00;Metalurgia do cobre;I;Risco baixo, irrelevante ou inexistente;I;I;Risco baixo, irrelevante ou inexistente;Sim;19;Não
2449-1/01;2449101;C;Indústrias de transformação;24;244;2449-1;01;Produção de zinco em formas primárias;I;Risco baixo, irrelevante ou inexistente;I;I;Risco baixo, irrelevante ou inexistente;Sim;20;Não
2449-1/02;2449102;C;Indústrias de transformação;24;244;2449-1;02;Produção de laminados de zinco;I;Risco baixo, irrelevante ou inexistente;I;I;Risco baixo, irrelevante ou inexistente;Sim;20;Não
2449-1/03;2449103;C;Indústrias de transformação;24;244;2449-1;03;Fabricação de ânodos para galvanoplastia;I;Risco baixo, irrelevante ou inexistente;I;I;Risco baixo, irrelevante ou inexistente;Sim;20;Não
2449-1/99;2449199;C;Indústrias de transformação;24;244;2449-1;99;Metalurgia de outros metais não-ferrosos e suas ligas não especificados anteriormente;I;Risco baixo, irrelevante ou inexistente;I;I;Risco baixo, irrelevante ou inexistente;Sim;20;Não
2451-2/00;2451200;C;Indústrias de transformação;24;245;2451-2;00;Fundição de ferro e aço;I;Risco baixo, irrelevante ou inexistente;I;I;Risco baixo, irrelevante ou inexistente;Sim;20;Não
2452-1/00;2452100;C;Indústrias de transformação;24;245;2452-1;00;Fundição de metais não-ferrosos e suas ligas;I;Risco baixo, irrelevante ou inexistente;I;I;Risco baixo, irrelevante ou inexistente;Sim;20;Não
2511-0/00;2511000;C;Indústrias de transformação;25;251;2511-0;00;Fabricação de estruturas metálicas;I;Risco baixo, irrelevante ou inexistente;I;I;Risco baixo, irrelevante ou inexistente;Sim;20;Não
2512-8/00;2512800;C;Indústrias de transformação;25;251;2512-8;00;Fabricação de esquadrias de metal;I;Risco baixo, irrelevante ou inexistente;I;I;Risco baixo, irrelevante ou inexistente;Sim;20;Não
2513-6/00;2513600;C;Indústrias de transformação;25;251;2513-6;00;Fabricação de obras de caldeiraria pesada;I;Risco baixo, irrelevante ou inexistente;I;I;Risco baixo, irrelevante ou inexistente;Sim;20;Não
2521-7/00;2521700;C;Indústrias de transformação;25;252;2521-7;00;Fabricação de tanques, reservatórios metálicos e caldeiras para aquecimento central;I;Risco baixo, irrelevante ou inexistente;I;I;Risco baixo, irrelevante ou inexistente;Sim;20;Não
2522-5/00;2522500;C;Indústrias de transformação;25;252;2522-5;00;Fabricação de caldeiras geradoras de vapor, exceto para aquecimento central e para veículos;I;Risco baixo, irrelevante ou inexistente;I;I;Risco baixo, irrelevante ou inexistente;Sim;20;Não
2531-4/01;2531401;C;Indústrias de transformação;25;253;2531-4;01;Produção de forjados de aço;I;Risco baixo, irrelevante ou inexistente;I;I;Risco baixo, irrelevante ou inexistente;Sim;20;Não
2531-4/02;2531402;C;Indústrias de transformação;25;253;2531-4;02;Produção de forjados de metais não-ferrosos e suas ligas;I;Risco baixo, irrelevante ou inexistente;I;I;Risco baixo, irrelevante ou inexistente;Sim;20;Não
2532-2/01;2532201;C;Indústrias de transformação;25;253;2532-2;01;Produção de artefatos estampados de metal;I;Risco baixo, irrelevante ou inexistente;I;I;Risco baixo, irrelevante ou inexistente;Sim;20;Não
2532-2/02;2532202;C;Indústrias de transformação;25;253;2532-2;02;Metalurgia do pó;I;Risco baixo, irrelevante ou inexistente;I;I;Risco baixo, irrelevante ou inexistente;Sim;20;Não
2539-0/01;2539001;C;Indústrias de transformação;25;253;2539-0;01;Serviços de usinagem, tornearia e solda;I;Risco baixo, irrelevante ou inexistente;I;I;Risco baixo, irrelevante ou inexistente;Sim;20;Não
2539-0/02;2539002;C;Indústrias de transformação;25;253;2539-0;02;Serviços de tratamento e revestimento em metais;I;Risco baixo, irrelevante ou inexistente;I;I;Risco baixo, irrelevante ou inexistente;Sim;20;Não
2541-1/00;2541100;C;Indústrias de transformação;25;254;2541-1;00;Fabricação de artigos de cutelaria;I;Risco baixo, irrelevante ou inexistente;I;I;Risco baixo, irrelevante ou inexistente;Sim;20;Não
2542-0/00;2542000;C;Indústrias de transformação;25;254;2542-0;00;Fabricação de artigos de serralheria, exceto esquadrias;I;Risco baixo, irrelevante ou inexistente;I;I;Risco baixo, irrelevante ou inexistente;Sim;20;Não
2543-8/00;2543800;C;Indústrias de transformação;25;254;2543-8;00;Fabricação de ferramentas;I;Risco baixo, irrelevante ou inexistente;I;I;Risco baixo, irrelevante ou inexistente;Sim;20;Não
2550-1/01;2550101;C;Indústrias de transformação;25;255;2550-1;01;Fabricação de equipamento bélico pesado, exceto veículos militares de combate;III;Risco alto;II;II ou III;Risco médio ou moderado, ou risco alto;Não;45;Não
2550-1/02;2550102;C;Indústrias de transformação;25;255;2550-1;02;Fabricação de armas de fogo, outras armas e munições;III;Risco alto;II;II ou III;Risco médio ou moderado, ou risco alto;Não;45;Não
2591-8/00;2591800;C;Indústrias de transformação;25;259;2591-8;00;Fabricação de embalagens metálicas;I;Risco baixo, irrelevante ou inexistente;I;I;Risco baixo, irrelevante ou inexistente;Sim;20;Não
2592-6/01;2592601;C;Indústrias de transformação;25;259;2592-6;01;Fabricação de produtos de trefilados de metal padronizados;I;Risco baixo, irrelevante ou inexistente;I;I;Risco baixo, irrelevante ou inexistente;Sim;20;Não
2592-6/02;2592602;C;Indústrias de transformação;25;259;2592-6;02;Fabricação de produtos de trefilados de metal, exceto padronizados;I;Risco baixo, irrelevante ou inexistente;I;I;Risco baixo, irrelevante ou inexistente;Sim;20;Não
2593-4/00;2593400;C;Indústrias de transformação;25;259;2593-4;00;Fabricação de artigos de metal para uso doméstico e pessoal;I;Risco baixo, irrelevante ou inexistente;I;I;Risco baixo, irrelevante ou inexistente;Sim;20;Não
2599-3/01;2599301;C;Indústrias de transformação;25;259;2599-3;01;Serviços de confecção de armações metálicas para a construção;I;Risco baixo, irrelevante ou inexistente;I;I;Risco baixo, irrelevante ou inexistente;Sim;20;Não
2599-3/02;2599302;C;Indústrias de transformação;25;259;2599-3;02;Serviço de corte e dobra de metais;I;Risco baixo, irrelevante ou inexistente;I;I;Risco baixo, irrelevante ou inexistente;Sim;20;Não
2599-3/99;2599399;C;Indústrias de transformação;25;259;2599-3;99;Fabricação de outros produtos de metal não especificados anteriormente;III;Risco alto;II;II ou III;Risco médio ou moderado, ou risco alto;Não;45;Não
2610-8/00;2610800;C;Indústrias de transformação;26;261;2610-8;00;Fabricação de componentes eletrônicos;I;Risco baixo, irrelevante ou inexistente;I;I;Risco baixo, irrelevante ou inexistente;Sim;20;Não
2621-3/00;2621300;C;Indústrias de transformação;26;262;2621-3;00;Fabricação de equipamentos de informática;I;Risco baixo, irrelevante ou inexistente;I;I;Risco baixo, irrelevante ou inexistente;Sim;20;Não
2622-1/00;2622100;C;Indústrias de transformação;26;262;2622-1;00;Fabricação de periféricos para equipamentos de informática;I;Risco baixo, irrelevante ou inexistente;I;I;Risco baixo, irrelevante ou inexistente;Sim;20;Não
2631-1/00;2631100;C;Indústrias de transformação;26;263;2631-1;00;Fabricação de equipamentos transmissores de comunicação, peças e acessórios;I;Risco baixo, irrelevante ou inexistente;I;I;Risco baixo, irrelevante ou inexistente;Sim;20;Não
2632-9/00;2632900;C;Indústrias de transformação;26;263;2632-9;00;Fabricação de aparelhos telefônicos e de outros equipamentos de comunicação, peças e acessórios;I;Risco baixo, irrelevante ou inexistente;I;I;Risco baixo, irrelevante ou inexistente;Sim;20;Não
2640-0/00;2640000;C;Indústrias de transformação;26;264;2640-0;00;Fabricação de aparelhos de recepção, reprodução, gravação e amplificação de áudio e vídeo;I;Risco baixo, irrelevante ou inexistente;I;I;Risco baixo, irrelevante ou inexistente;Sim;20;Não
2651-5/00;2651500;C;Indústrias de transformação;26;265;2651-5;00;Fabricação de aparelhos e equipamentos de medida, teste e controle;I;Risco baixo, irrelevante ou inexistente;I;I;Risco baixo, irrelevante ou inexistente;Sim;20;Não
2652-3/00;2652300;C;Indústrias de transformação;26;265;2652-3;00;Fabricação de cronômetros e relógios;I;Risco baixo, irrelevante ou inexistente;I;I;Risco baixo, irrelevante ou inexistente;Sim;20;Não
2660-4/00;2660400;C;Indústrias de transformação;26;266;2660-4;00;Fabricação de aparelhos eletromédicos e eletroterapêuti cos e equipamentos de irradiação;I;Risco baixo, irrelevante ou inexistente;II;II ou III;Risco médio ou moderado, ou risco alto;Não;45;Não
2670-1/01;2670101;C;Indústrias de transformação;26;267;2670-1;01;Fabricação de equipamentos e instrumentos ópticos, peças e acessórios;I;Risco baixo, irrelevante ou inexistente;I;I;Risco baixo, irrelevante ou inexistente;Sim;20;Não
2670-1/02;2670102;C;Indústrias de transformação;26;267;2670-1;02;Fabricação de aparelhos fotográficos e cinematográfic os, peças e acessórios;I;Risco baixo, irrelevante ou inexistente;I;I;Risco baixo, irrelevante ou inexistente;Sim;20;Não
2680-9/00;2680900;C;Indústrias de transformação;26;268;2680-9;00;Fabricação de mídias virgens, magnéticas e ópticas;I;Risco baixo, irrelevante ou inexistente;I;I;Risco baixo, irrelevante ou inexistente;Sim;20;Não
2710-4/01;2710401;C;Indústrias de transformação;27;271;2710-4;01;Fabricação de geradores de corrente contínua e alternada, peças e acessórios;I;Risco baixo, irrelevante ou inexistente;I;I;Risco baixo, irrelevante ou inexistente;Sim;20;Não
2710-4/02;2710402;C;Indústrias de transformação;27;271;2710-4;02;Fabricação de transformador es, indutores, conversores, sincronizadore s e semelhantes, peças e acessórios;I;Risco baixo, irrelevante ou inexistente;I;I;Risco baixo, irrelevante ou inexistente;Sim;20;Não
2710-4/03;2710403;C;Indústrias de transformação;27;271;2710-4;03;Fabricação de motores elétricos, peças e acessórios;I;Risco baixo, irrelevante ou inexistente;I;I;Risco baixo, irrelevante ou inexistente;Sim;20;Não
2721-0/00;2721000;C;Indústrias de transformação;27;272;2721-0;00;Fabricação de pilhas, baterias e acumuladores elétricos, exceto para veículos automotores;III;Risco alto;II;II ou III;Risco médio ou moderado, ou risco alto;Não;45;Não
2722-8/01;2722801;C;Indústrias de transformação;27;272;2722-8;01;Fabricação de baterias e acumuladores para veículos automotores;III;Risco alto;II;II ou III;Risco médio ou moderado, ou risco alto;Não;45;Não
2722-8/02;2722802;C;Indústrias de transformação;27;272;2722-8;02;Recondiciona mento de baterias e acumuladores para veículos automotores;III;Risco alto;II;II ou III;Risco médio ou moderado, ou risco alto;Não;45;Não
2731-7/00;2731700;C;Indústrias de transformação;27;273;2731-7;00;Fabricação de aparelhos e equipamentos para distribuição e controle de energia;I;Risco baixo, irrelevante ou inexistente;I;I;Risco baixo, irrelevante ou inexistente;Sim;20;Não
2732-5/00;2732500;C;Indústrias de transformação;27;273;2732-5;00;Fabricação de material elétrico para instalações em circuito de consumo;I;Risco baixo, irrelevante ou inexistente;I;I;Risco baixo, irrelevante ou inexistente;Sim;21;Não
2733-3/00;2733300;C;Indústrias de transformação;27;273;2733-3;00;Fabricação de fios, cabos e condutores elétricos isolados;I;Risco baixo, irrelevante ou inexistente;I;I;Risco baixo, irrelevante ou inexistente;Sim;21;Não
2740-6/01;2740601;C;Indústrias de transformação;27;274;2740-6;01;Fabricação de lâmpadas;I;Risco baixo, irrelevante ou inexistente;I;I;Risco baixo, irrelevante ou inexistente;Sim;21;Não
2740-6/02;2740602;C;Indústrias de transformação;27;274;2740-6;02;Fabricação de luminárias e outros equipamentos de iluminação;I;Risco baixo, irrelevante ou inexistente;I;I;Risco baixo, irrelevante ou inexistente;Sim;21;Não
2751-1/00;2751100;C;Indústrias de transformação;27;275;2751-1;00;Fabricação de fogões, refrigeradores e máquinas de lavar e secar para uso doméstico, peças e acessórios;I;Risco baixo, irrelevante ou inexistente;I;I;Risco baixo, irrelevante ou inexistente;Sim;21;Não
2759-7/01;2759701;C;Indústrias de transformação;27;275;2759-7;01;Fabricação de aparelhos elétricos de uso pessoal, peças e acessórios;I;Risco baixo, irrelevante ou inexistente;I;I;Risco baixo, irrelevante ou inexistente;Sim;21;Não
2759-7/99;2759799;C;Indústrias de transformação;27;275;2759-7;99;Fabricação de outros aparelhos eletrodoméstic os não especificados anteriormente, peças e acessórios;I;Risco baixo, irrelevante ou inexistente;I;I;Risco baixo, irrelevante ou inexistente;Sim;21;Não
2790-2/01;2790201;C;Indústrias de transformação;27;279;2790-2;01;Fabricação de eletrodos, contatos e outros artigos de carvão e grafita para uso elétrico, eletroímãs e isoladores;I;Risco baixo, irrelevante ou inexistente;I;I;Risco baixo, irrelevante ou inexistente;Sim;21;Não
2790-2/02;2790202;C;Indústrias de transformação;27;279;2790-2;02;Fabricação de equipamentos para sinalização e alarme;I;Risco baixo, irrelevante ou inexistente;I;I;Risco baixo, irrelevante ou inexistente;Sim;21;Não
2790-2/99;2790299;C;Indústrias de transformação;27;279;2790-2;99;Fabricação de outros equipamentos e aparelhos elétricos não especificados anteriormente;I;Risco baixo, irrelevante ou inexistente;I;I;Risco baixo, irrelevante ou inexistente;Sim;21;Não
2811-9/00;2811900;C;Indústrias de transformação;28;281;2811-9;00;Fabricação de motores e turbinas, peças e acessórios, exceto para aviões e veículos rodoviários;I;Risco baixo, irrelevante ou inexistente;I;I;Risco baixo, irrelevante ou inexistente;Sim;21;Não
2812-7/00;2812700;C;Indústrias de transformação;28;281;2812-7;00;Fabricação de equipamentos hidráulicos e pneumáticos, peças e acessórios, exceto válvulas;I;Risco baixo, irrelevante ou inexistente;I;I;Risco baixo, irrelevante ou inexistente;Sim;21;Não
2813-5/00;2813500;C;Indústrias de transformação;28;281;2813-5;00;Fabricação de válvulas, registros e dispositivos semelhantes, peças e acessórios;I;Risco baixo, irrelevante ou inexistente;I;I;Risco baixo, irrelevante ou inexistente;Sim;21;Não
2814-3/01;2814301;C;Indústrias de transformação;28;281;2814-3;01;Fabricação de compressores para uso industrial, peças e acessórios;I;Risco baixo, irrelevante ou inexistente;I;I;Risco baixo, irrelevante ou inexistente;Sim;21;Não
2814-3/02;2814302;C;Indústrias de transformação;28;281;2814-3;02;Fabricação de compressores para uso não industrial, peças e acessórios;I;Risco baixo, irrelevante ou inexistente;I;I;Risco baixo, irrelevante ou inexistente;Sim;21;Não
2815-1/01;2815101;C;Indústrias de transformação;28;281;2815-1;01;Fabricação de rolamentos para fins industriais;I;Risco baixo, irrelevante ou inexistente;I;I;Risco baixo, irrelevante ou inexistente;Sim;21;Não
2815-1/02;2815102;C;Indústrias de transformação;28;281;2815-1;02;Fabricação de equipamentos de transmissão para fins industriais, exceto rolamentos;I;Risco baixo, irrelevante ou inexistente;I;I;Risco baixo, irrelevante ou inexistente;Sim;21;Não
2821-6/01;2821601;C;Indústrias de transformação;28;282;2821-6;01;Fabricação de fornos industriais, aparelhos e equipamentos não-elétricos para instalações térmicas, peças e acessórios;I;Risco baixo, irrelevante ou inexistente;I;I;Risco baixo, irrelevante ou inexistente;Sim;21;Não
2821-6/02;2821602;C;Indústrias de transformação;28;282;2821-6;02;Fabricação de estufas e fornos elétricos para fins industriais, peças e acessórios;I;Risco baixo, irrelevante ou inexistente;I;I;Risco baixo, irrelevante ou inexistente;Sim;21;Não
2822-4/01;2822401;C;Indústrias de transformação;28;282;2822-4;01;Fabricação de máquinas, equipamentos e aparelhos para transporte e elevação de pessoas, peças e acessórios;I;Risco baixo, irrelevante ou inexistente;I;I;Risco baixo, irrelevante ou inexistente;Sim;21;Não
2822-4/02;2822402;C;Indústrias de transformação;28;282;2822-4;02;Fabricação de máquinas, equipamentos e aparelhos para transporte e elevação de cargas, peças e acessórios;I;Risco baixo, irrelevante ou inexistente;I;I;Risco baixo, irrelevante ou inexistente;Sim;21;Não
2823-2/00;2823200;C;Indústrias de transformação;28;282;2823-2;00;Fabricação de máquinas e aparelhos de refrigeração e ventilação para uso industrial e comercial, peças e acessórios;I;Risco baixo, irrelevante ou inexistente;I;I;Risco baixo, irrelevante ou inexistente;Sim;21;Não
2824-1/01;2824101;C;Indústrias de transformação;28;282;2824-1;01;Fabricação de aparelhos e equipamentos de ar condicionado para uso industrial;I;Risco baixo, irrelevante ou inexistente;I;I;Risco baixo, irrelevante ou inexistente;Sim;21;Não
2824-1/02;2824102;C;Indústrias de transformação;28;282;2824-1;02;Fabricação de aparelhos e equipamentos de ar condicionado para uso não-industrial;I;Risco baixo, irrelevante ou inexistente;I;I;Risco baixo, irrelevante ou inexistente;Sim;21;Não
2825-9/00;2825900;C;Indústrias de transformação;28;282;2825-9;00;Fabricação de máquinas e equipamentos para saneamento básico e ambiental, peças e acessórios;I;Risco baixo, irrelevante ou inexistente;I;I;Risco baixo, irrelevante ou inexistente;Sim;21;Não
2829-1/01;2829101;C;Indústrias de transformação;28;282;2829-1;01;Fabricação de máquinas de escrever, calcular e outros equipamentos não-eletrônicos para escritório, peças e acessórios;I;Risco baixo, irrelevante ou inexistente;I;I;Risco baixo, irrelevante ou inexistente;Sim;21;Não
2829-1/99;2829199;C;Indústrias de transformação;28;282;2829-1;99;Fabricação de outras máquinas e equipamentos de uso geral não especificados anteriormente, peças e acessórios;I;Risco baixo, irrelevante ou inexistente;I;I;Risco baixo, irrelevante ou inexistente;Sim;21;Não
2831-3/00;2831300;C;Indústrias de transformação;28;283;2831-3;00;Fabricação de tratores agrícolas, peças e acessórios;I;Risco baixo, irrelevante ou inexistente;I;I;Risco baixo, irrelevante ou inexistente;Sim;22;Não
2832-1/00;2832100;C;Indústrias de transformação;28;283;2832-1;00;Fabricação de equipamentos para irrigação agrícola, peças e acessórios;I;Risco baixo, irrelevante ou inexistente;I;I;Risco baixo, irrelevante ou inexistente;Sim;22;Não
2833-0/00;2833000;C;Indústrias de transformação;28;283;2833-0;00;Fabricação de máquinas e equipamentos para a agricultura e pecuária, peças e acessórios, exceto para irrigação;I;Risco baixo, irrelevante ou inexistente;I;I;Risco baixo, irrelevante ou inexistente;Sim;22;Não
2840-2/00;2840200;C;Indústrias de transformação;28;284;2840-2;00;Fabricação de máquinas-ferramenta, peças e acessórios;I;Risco baixo, irrelevante ou inexistente;I;I;Risco baixo, irrelevante ou inexistente;Sim;22;Não
2851-8/00;2851800;C;Indústrias de transformação;28;285;2851-8;00;Fabricação de máquinas e equipamentos para a prospecção e extração de petróleo, peças e acessórios;I;Risco baixo, irrelevante ou inexistente;I;I;Risco baixo, irrelevante ou inexistente;Sim;22;Não
2852-6/00;2852600;C;Indústrias de transformação;28;285;2852-6;00;Fabricação de outras máquinas e equipamentos para uso na extração mineral, peças e acessórios, exceto na extração de petróleo;I;Risco baixo, irrelevante ou inexistente;I;I;Risco baixo, irrelevante ou inexistente;Sim;22;Não
2853-4/00;2853400;C;Indústrias de transformação;28;285;2853-4;00;Fabricação de tratores, peças e acessórios, exceto agrícolas;I;Risco baixo, irrelevante ou inexistente;I;I;Risco baixo, irrelevante ou inexistente;Sim;22;Não
2854-2/00;2854200;C;Indústrias de transformação;28;285;2854-2;00;Fabricação de máquinas e equipamentos para terraplenagem , pavimentação e construção, peças e acessórios, exceto tratores;I;Risco baixo, irrelevante ou inexistente;I;I;Risco baixo, irrelevante ou inexistente;Sim;22;Não
2861-5/00;2861500;C;Indústrias de transformação;28;286;2861-5;00;Fabricação de máquinas para a indústria metalúrgica, peças e acessórios, exceto máquinas-ferramenta;I;Risco baixo, irrelevante ou inexistente;I;I;Risco baixo, irrelevante ou inexistente;Sim;22;Não
2862-3/00;2862300;C;Indústrias de transformação;28;286;2862-3;00;Fabricação de máquinas e equipamentos para as indústrias de alimentos, bebidas e fumo, peças e acessórios;I;Risco baixo, irrelevante ou inexistente;I;I;Risco baixo, irrelevante ou inexistente;Sim;22;Não
2863-1/00;2863100;C;Indústrias de transformação;28;286;2863-1;00;Fabricação de máquinas e equipamentos para a indústria têxtil, peças e acessórios;I;Risco baixo, irrelevante ou inexistente;I;I;Risco baixo, irrelevante ou inexistente;Sim;22;Não
2864-0/00;2864000;C;Indústrias de transformação;28;286;2864-0;00;Fabricação de máquinas e equipamentos para as indústrias do vestuário, do couro e de calçados, peças e acessórios;I;Risco baixo, irrelevante ou inexistente;I;I;Risco baixo, irrelevante ou inexistente;Sim;22;Não
2865-8/00;2865800;C;Indústrias de transformação;28;286;2865-8;00;Fabricação de máquinas e equipamentos para as indústrias de celulose, papel e papelão e artefatos, peças e acessórios;I;Risco baixo, irrelevante ou inexistente;I;I;Risco baixo, irrelevante ou inexistente;Sim;22;Não
2866-6/00;2866600;C;Indústrias de transformação;28;286;2866-6;00;Fabricação de máquinas e equipamentos para a indústria do plástico, peças;I;Risco baixo, irrelevante ou inexistente;I;I;Risco baixo, irrelevante ou inexistente;Sim;22;Não
2869-1/00;2869100;C;Indústrias de transformação;28;286;2869-1;00;Fabricação de máquinas e equipamentos para uso industrial específico não especificados anteriormente, peças e acessórios;I;Risco baixo, irrelevante ou inexistente;I;I;Risco baixo, irrelevante ou inexistente;Sim;22;Não
2910-7/01;2910701;C;Indústrias de transformação;29;291;2910-7;01;Fabricação de automóveis, camionetas e utilitários;I;Risco baixo, irrelevante ou inexistente;I;I;Risco baixo, irrelevante ou inexistente;Sim;22;Não
2910-7/02;2910702;C;Indústrias de transformação;29;291;2910-7;02;Fabricação de chassis com motor para automóveis, camionetas e utilitários;I;Risco baixo, irrelevante ou inexistente;I;I;Risco baixo, irrelevante ou inexistente;Sim;22;Não
2910-7/03;2910703;C;Indústrias de transformação;29;291;2910-7;03;Fabricação de motores para automóveis, camionetas e utilitários;I;Risco baixo, irrelevante ou inexistente;I;I;Risco baixo, irrelevante ou inexistente;Sim;22;Não
2920-4/01;2920401;C;Indústrias de transformação;29;292;2920-4;01;Fabricação de caminhões e ônibus;I;Risco baixo, irrelevante ou inexistente;I;I;Risco baixo, irrelevante ou inexistente;Sim;22;Não
2920-4/02;2920402;C;Indústrias de transformação;29;292;2920-4;02;Fabricação de motores para caminhões e ônibus;I;Risco baixo, irrelevante ou inexistente;I;I;Risco baixo, irrelevante ou inexistente;Sim;22;Não
2930-1/01;2930101;C;Indústrias de transformação;29;293;2930-1;01;Fabricação de cabines, carrocerias e reboques para caminhões;I;Risco baixo, irrelevante ou inexistente;I;I;Risco baixo, irrelevante ou inexistente;Sim;22;Não
2930-1/02;2930102;C;Indústrias de transformação;29;293;2930-1;02;Fabricação de carrocerias para ônibus;I;Risco baixo, irrelevante ou inexistente;I;I;Risco baixo, irrelevante ou inexistente;Sim;22;Não
2930-1/03;2930103;C;Indústrias de transformação;29;293;2930-1;03;Fabricação de cabines, carrocerias e reboques para outros veículos automotores, exceto caminhões e ônibus;I;Risco baixo, irrelevante ou inexistente;I;I;Risco baixo, irrelevante ou inexistente;Sim;22;Não
2941-7/00;2941700;C;Indústrias de transformação;29;294;2941-7;00;Fabricação de peças e acessórios para o sistema motor de veículos automotores;I;Risco baixo, irrelevante ou inexistente;I;I;Risco baixo, irrelevante ou inexistente;Sim;22;Não
2942-5/00;2942500;C;Indústrias de transformação;29;294;2942-5;00;Fabricação de peças e acessórios para os sistemas de marcha e transmissão de veículos automotores;I;Risco baixo, irrelevante ou inexistente;I;I;Risco baixo, irrelevante ou inexistente;Sim;22;Não
2943-3/00;2943300;C;Indústrias de transformação;29;294;2943-3;00;Fabricação de peças e acessórios para o sistema de freios de veículos automotores;I;Risco baixo, irrelevante ou inexistente;I;I;Risco baixo, irrelevante ou inexistente;Sim;22;Não
2944-1/00;2944100;C;Indústrias de transformação;29;294;2944-1;00;Fabricação de peças e acessórios para o sistema de direção e suspensão de veículos automotores;I;Risco baixo, irrelevante ou inexistente;I;I;Risco baixo, irrelevante ou inexistente;Sim;22;Não
2945-0/00;2945000;C;Indústrias de transformação;29;294;2945-0;00;Fabricação de material elétrico e eletrônico para veículos automotores, exceto baterias;I;Risco baixo, irrelevante ou inexistente;I;I;Risco baixo, irrelevante ou inexistente;Sim;22;Não
2949-2/01;2949201;C;Indústrias de transformação;29;294;2949-2;01;Fabricação de bancos e estofados para veículos automotores;I;Risco baixo, irrelevante ou inexistente;I;I;Risco baixo, irrelevante ou inexistente;Sim;22;Não
2949-2/99;2949299;C;Indústrias de transformação;29;294;2949-2;99;Fabricação de outras peças e acessórios para veículos automotores não especificadas anteriormente;I;Risco baixo, irrelevante ou inexistente;I;I;Risco baixo, irrelevante ou inexistente;Sim;22;Não
2950-6/00;2950600;C;Indústrias de transformação;29;295;2950-6;00;Recondiciona mento e recuperação de motores para veículos automotores;I;Risco baixo, irrelevante ou inexistente;I;I;Risco baixo, irrelevante ou inexistente;Sim;22;Não
3011-3/01;3011301;C;Indústrias de transformação;30;301;3011-3;01;Construção de embarcações de grande porte;I;Risco baixo, irrelevante ou inexistente;II;II ou III;Risco médio ou moderado, ou risco alto;Não;45;Não
3011-3/02;3011302;C;Indústrias de transformação;30;301;3011-3;02;Construção de embarcações para uso comercial e para usos especiais, exceto de grande porte;I;Risco baixo, irrelevante ou inexistente;II;II ou III;Risco médio ou moderado, ou risco alto;Não;45;Não
3012-1/00;3012100;C;Indústrias de transformação;30;301;3012-1;00;Construção de embarcações para esporte e lazer;I;Risco baixo, irrelevante ou inexistente;II;II ou III;Risco médio ou moderado, ou risco alto;Não;45;Não
3031-8/00;3031800;C;Indústrias de transformação;30;303;3031-8;00;Fabricação de locomotivas, vagões e outros materiais rodantes;I;Risco baixo, irrelevante ou inexistente;II;II ou III;Risco médio ou moderado, ou risco alto;Não;45;Não
3032-6/00;3032600;C;Indústrias de transformação;30;303;3032-6;00;Fabricação de peças e acessórios para veículos ferroviários;I;Risco baixo, irrelevante ou inexistente;II;II ou III;Risco médio ou moderado, ou risco alto;Não;45;Não
3041-5/00;3041500;C;Indústrias de transformação;30;304;3041-5;00;Fabricação de aeronaves;I;Risco baixo, irrelevante ou inexistente;II;II ou III;Risco médio ou moderado, ou risco alto;Não;45;Não
3042-3/00;3042300;C;Indústrias de transformação;30;304;3042-3;00;Fabricação de turbinas, motores e outros componentes e peças para aeronaves;I;Risco baixo, irrelevante ou inexistente;II;II ou III;Risco médio ou moderado, ou risco alto;Não;45;Não
3050-4/00;3050400;C;Indústrias de transformação;30;305;3050-4;00;Fabricação de veículos militares de combate;I;Risco baixo, irrelevante ou inexistente;II;II ou III;Risco médio ou moderado, ou risco alto;Não;45;Não
3091-1/01;3091101;C;Indústrias de transformação;30;309;3091-1;01;Fabricação de motocicletas;I;Risco baixo, irrelevante ou inexistente;II;II ou III;Risco médio ou moderado, ou risco alto;Não;45;Não
3091-1/02;3091102;C;Indústrias de transformação;30;309;3091-1;02;Fabricação de peças e acessórios para motocicletas;I;Risco baixo, irrelevante ou inexistente;II;II ou III;Risco médio ou moderado, ou risco alto;Não;45;Não
3092-0/00;3092000;C;Indústrias de transformação;30;309;3092-0;00;Fabricação de bicicletas e triciclos não-motorizados, peças e acessórios;I;Risco baixo, irrelevante ou inexistente;II;II ou III;Risco médio ou moderado, ou risco alto;Não;45;Não
3099-7/00;3099700;C;Indústrias de transformação;30;309;3099-7;00;Fabricação de equipamentos de transporte não especificados anteriormente;I;Risco baixo, irrelevante ou inexistente;II;II ou III;Risco médio ou moderado, ou risco alto;Não;45;Não
3101-2/00;3101200;C;Indústrias de transformação;31;310;3101-2;00;Fabricação de móveis com predominância de madeira;I;Risco baixo, irrelevante ou inexistente;II;II ou III;Risco médio ou moderado, ou risco alto;Não;45;Não
3102-1/00;3102100;C;Indústrias de transformação;31;310;3102-1;00;Fabricação de móveis com predominância de metal;I;Risco baixo, irrelevante ou inexistente;II;II ou III;Risco médio ou moderado, ou risco alto;Não;45;Não
3103-9/00;3103900;C;Indústrias de transformação;31;310;3103-9;00;Fabricação de móveis de outros materiais, exceto madeira e metal;I;Risco baixo, irrelevante ou inexistente;II;II ou III;Risco médio ou moderado, ou risco alto;Não;45;Não
3104-7/00;3104700;C;Indústrias de transformação;31;310;3104-7;00;Fabricação de colchões;I;Risco baixo, irrelevante ou inexistente;II;II ou III;Risco médio ou moderado, ou risco alto;Não;45;Não
3211-6/01;3211601;C;Indústrias de transformação;32;321;3211-6;01;Lapidação de gemas;I;Risco baixo, irrelevante ou inexistente;I;I;Risco baixo, irrelevante ou inexistente;Sim;23;Não
3211-6/02;3211602;C;Indústrias de transformação;32;321;3211-6;02;Fabricação de artefatos de joalheria e ourivesaria;I;Risco baixo, irrelevante ou inexistente;I;I;Risco baixo, irrelevante ou inexistente;Sim;23;Não
3211-6/03;3211603;C;Indústrias de transformação;32;321;3211-6;03;Cunhagem de moedas e medalhas;I;Risco baixo, irrelevante ou inexistente;I;I;Risco baixo, irrelevante ou inexistente;Sim;23;Não
3212-4/00;3212400;C;Indústrias de transformação;32;321;3212-4;00;Fabricação de bijuterias e artefatos semelhantes;I;Risco baixo, irrelevante ou inexistente;I;I;Risco baixo, irrelevante ou inexistente;Sim;23;Não
3220-5/00;3220500;C;Indústrias de transformação;32;322;3220-5;00;Fabricação de instrumentos musicais, peças e acessórios;I;Risco baixo, irrelevante ou inexistente;II;II ou III;Risco médio ou moderado, ou risco alto;Não;45;Não
3230-2/00;3230200;C;Indústrias de transformação;32;323;3230-2;00;Fabricação de artefatos para pesca e esporte;I;Risco baixo, irrelevante ou inexistente;I;I;Risco baixo, irrelevante ou inexistente;Sim;23;Não
3240-0/01;3240001;C;Indústrias de transformação;32;324;3240-0;01;Fabricação de jogos eletrônicos;I;Risco baixo, irrelevante ou inexistente;II;II ou III;Risco médio ou moderado, ou risco alto;Não;46;Não
3240-0/02;3240002;C;Indústrias de transformação;32;324;3240-0;02;Fabricação de mesas de bilhar, de sinuca e acessórios não associada à locação;I;Risco baixo, irrelevante ou inexistente;I;I;Risco baixo, irrelevante ou inexistente;Sim;23;Não
3240-0/03;3240003;C;Indústrias de transformação;32;324;3240-0;03;Fabricação de mesas de bilhar, de sinuca e acessórios associada à locação;I;Risco baixo, irrelevante ou inexistente;I;I;Risco baixo, irrelevante ou inexistente;Sim;23;Não
3240-0/99;3240099;C;Indústrias de transformação;32;324;3240-0;99;Fabricação de outros brinquedos e jogos recreativos não especificados anteriormente;I;Risco baixo, irrelevante ou inexistente;II;II ou III;Risco médio ou moderado, ou risco alto;Não;46;Não
3250-7/01;3250701;C;Indústrias de transformação;32;325;3250-7;01;Fabricação de instrumentos não-eletrônicos e utensílios para uso médico, cirúrgico, odontológico e de laboratório;I;Risco baixo, irrelevante ou inexistente;II;II ou III;Risco médio ou moderado, ou risco alto;Não;46;Não
3250-7/02;3250702;C;Indústrias de transformação;32;325;3250-7;02;Fabricação de mobiliário para uso médico, cirúrgico, odontológico e de laboratório;I;Risco baixo, irrelevante ou inexistente;II;II ou III;Risco médio ou moderado, ou risco alto;Não;46;Não
3250-7/03;3250703;C;Indústrias de transformação;32;325;3250-7;03;Fabricação de aparelhos e utensílios para correção de defeitos físicos e aparelhos ortopédicos em geral sob encomenda;I;Risco baixo, irrelevante ou inexistente;II;II ou III;Risco médio ou moderado, ou risco alto;Não;46;Não
3250-7/04;3250704;C;Indústrias de transformação;32;325;3250-7;04;Fabricação de aparelhos e utensílios para correção de defeitos físicos e aparelhos ortopédicos em geral, exceto sob encomenda;I;Risco baixo, irrelevante ou inexistente;II;II ou III;Risco médio ou moderado, ou risco alto;Não;46;Não
3250-7/05;3250705;C;Indústrias de transformação;32;325;3250-7;05;Fabricação de materiais para medicina e odontologia;I;Risco baixo, irrelevante ou inexistente;II;II ou III;Risco médio ou moderado, ou risco alto;Não;46;Não
3250-7/06;3250706;C;Indústrias de transformação;32;325;3250-7;06;Serviços de prótese dentária;I;Risco baixo, irrelevante ou inexistente;II;II ou III;Risco médio ou moderado, ou risco alto;Não;46;Não
3250-7/07;3250707;C;Indústrias de transformação;32;325;3250-7;07;Fabricação de artigos ópticos;I;Risco baixo, irrelevante ou inexistente;II;II ou III;Risco médio ou moderado, ou risco alto;Não;46;Não
3250-7/09;3250709;C;Indústrias de transformação;32;325;3250-7;09;Serviço de laboratório óptico;I;Risco baixo, irrelevante ou inexistente;II;II ou III;Risco médio ou moderado, ou risco alto;Não;46;Não
3291-4/00;3291400;C;Indústrias de transformação;32;329;3291-4;00;Fabricação de escovas, pincéis e vassouras;I;Risco baixo, irrelevante ou inexistente;I;I;Risco baixo, irrelevante ou inexistente;Sim;23;Não
3292-2/01;3292201;C;Indústrias de transformação;32;329;3292-2;01;Fabricação de roupas de proteção e segurança e resistentes a fogo;I;Risco baixo, irrelevante ou inexistente;II;II ou III;Risco médio ou moderado, ou risco alto;Não;46;Não
3292-2/02;3292202;C;Indústrias de transformação;32;329;3292-2;02;Fabricação de equipamentos e acessórios para segurança pessoal e profissional;I;Risco baixo, irrelevante ou inexistente;II;II ou III;Risco médio ou moderado, ou risco alto;Não;46;Não
3299-0/01;3299001;C;Indústrias de transformação;32;329;3299-0;01;Fabricação de guarda-chuvas e similares;I;Risco baixo, irrelevante ou inexistente;I;I;Risco baixo, irrelevante ou inexistente;Sim;23;Não
3299-0/02;3299002;C;Indústrias de transformação;32;329;3299-0;02;Fabricação de canetas, lápis e outros artigos para escritório;I;Risco baixo, irrelevante ou inexistente;II;II ou III;Risco médio ou moderado, ou risco alto;Não;46;Não
3299-0/03;3299003;C;Indústrias de transformação;32;329;3299-0;03;Fabricação de letras, letreiros e placas de qualquer material, exceto luminosos;I;Risco baixo, irrelevante ou inexistente;I;I;Risco baixo, irrelevante ou inexistente;Sim;23;Não
3299-0/04;3299004;C;Indústrias de transformação;32;329;3299-0;04;Fabricação de painéis e letreiros luminosos;I;Risco baixo, irrelevante ou inexistente;II;II ou III;Risco médio ou moderado, ou risco alto;Não;46;Não
3299-0/05;3299005;C;Indústrias de transformação;32;329;3299-0;05;Fabricação de aviamentos para costura;I;Risco baixo, irrelevante ou inexistente;II;II ou III;Risco médio ou moderado, ou risco alto;Não;46;Não
3299-0/06;3299006;C;Indústrias de transformação;32;329;3299-0;06;Fabricação de velas, inclusive decorativas;I;Risco baixo, irrelevante ou inexistente;I;I;Risco baixo, irrelevante ou inexistente;Sim;23;Não
3299-0/99;3299099;C;Indústrias de transformação;32;329;3299-0;99;Fabricação de produtos diversos não especificados anteriormente;II;Risco médio ou moderado;II;II ou III;Risco médio ou moderado, ou risco alto;Não;46;Não
3311-2/00;3311200;C;Indústrias de transformação;33;331;3311-2;00;Manutenção e reparação de tanques, reservatórios metálicos e caldeiras, exceto para veículos;I;Risco baixo, irrelevante ou inexistente;I;I;Risco baixo, irrelevante ou inexistente;Sim;23;Não
3312-1/02;3312102;C;Indústrias de transformação;33;331;3312-1;02;Manutenção e reparação de aparelhos e instrumentos de medida, teste e controle;I;Risco baixo, irrelevante ou inexistente;I;I;Risco baixo, irrelevante ou inexistente;Sim;23;Não
3312-1/03;3312103;C;Indústrias de transformação;33;331;3312-1;03;Manutenção e reparação de aparelhos eletromédicos e eletroterapêuti cos e equipamentos de irradiação;I;Risco baixo, irrelevante ou inexistente;I;I;Risco baixo, irrelevante ou inexistente;Sim;23;Não
3312-1/04;3312104;C;Indústrias de transformação;33;331;3312-1;04;Manutenção e reparação de equipamentos e instrumentos ópticos;I;Risco baixo, irrelevante ou inexistente;I;I;Risco baixo, irrelevante ou inexistente;Sim;23;Não
3313-9/01;3313901;C;Indústrias de transformação;33;331;3313-9;01;Manutenção e reparação de geradores, transformador es e motores elétricos;I;Risco baixo, irrelevante ou inexistente;I;I;Risco baixo, irrelevante ou inexistente;Sim;23;Não
3313-9/02;3313902;C;Indústrias de transformação;33;331;3313-9;02;Manutenção e reparação de baterias e acumuladores;I;Risco baixo, irrelevante ou inexistente;I;I;Risco baixo, irrelevante ou inexistente;Sim;23;Não
3313-9/99;3313999;C;Indústrias de transformação;33;331;3313-9;99;Manutenção e reparação de máquinas, aparelhos e materiais elétricos não especificados anteriormente;I;Risco baixo, irrelevante ou inexistente;I;I;Risco baixo, irrelevante ou inexistente;Sim;23;Não
3314-7/01;3314701;C;Indústrias de transformação;33;331;3314-7;01;Manutenção e reparação de máquinas motrizes não-elétricas;I;Risco baixo, irrelevante ou inexistente;I;I;Risco baixo, irrelevante ou inexistente;Sim;23;Não
3314-7/02;3314702;C;Indústrias de transformação;33;331;3314-7;02;Manutenção e reparação de equipamentos hidráulicos e pneumáticos, exceto válvulas;I;Risco baixo, irrelevante ou inexistente;I;I;Risco baixo, irrelevante ou inexistente;Sim;23;Não
3314-7/03;3314703;C;Indústrias de transformação;33;331;3314-7;03;Manutenção e reparação de válvulas industriais;I;Risco baixo, irrelevante ou inexistente;I;I;Risco baixo, irrelevante ou inexistente;Sim;23;Não
3314-7/04;3314704;C;Indústrias de transformação;33;331;3314-7;04;Manutenção e reparação de compressores;I;Risco baixo, irrelevante ou inexistente;I;I;Risco baixo, irrelevante ou inexistente;Sim;23;Não
3314-7/05;3314705;C;Indústrias de transformação;33;331;3314-7;05;Manutenção e reparação de equipamentos de transmissão para fins industriais;I;Risco baixo, irrelevante ou inexistente;I;I;Risco baixo, irrelevante ou inexistente;Sim;23;Não
3314-7/06;3314706;C;Indústrias de transformação;33;331;3314-7;06;Manutenção e reparação de máquinas, aparelhos e equipamentos para instalações térmicas;I;Risco baixo, irrelevante ou inexistente;I;I;Risco baixo, irrelevante ou inexistente;Sim;23;Não
3314-7/07;3314707;C;Indústrias de transformação;33;331;3314-7;07;Manutenção e reparação de máquinas e aparelhos de refrigeração e ventilação para uso industrial e comercial;I;Risco baixo, irrelevante ou inexistente;I;I;Risco baixo, irrelevante ou inexistente;Sim;23;Não
3314-7/08;3314708;C;Indústrias de transformação;33;331;3314-7;08;Manutenção e reparação de máquinas, equipamentos e aparelhos para transporte e elevação de cargas;I;Risco baixo, irrelevante ou inexistente;I;I;Risco baixo, irrelevante ou inexistente;Sim;23;Não
3314-7/09;3314709;C;Indústrias de transformação;33;331;3314-7;09;Manutenção e reparação de máquinas de escrever, calcular e de outros equipamentos não-eletrônicos para escritório;I;Risco baixo, irrelevante ou inexistente;I;I;Risco baixo, irrelevante ou inexistente;Sim;23;Não
3314-7/10;3314710;C;Indústrias de transformação;33;331;3314-7;10;Manutenção e reparação de máquinas e equipamentos para uso geral não especificados anteriormente;I;Risco baixo, irrelevante ou inexistente;I;I;Risco baixo, irrelevante ou inexistente;Sim;23;Não
3314-7/11;3314711;C;Indústrias de transformação;33;331;3314-7;11;Manutenção e reparação de máquinas e equipamentos para agricultura e pecuária;I;Risco baixo, irrelevante ou inexistente;I;I;Risco baixo, irrelevante ou inexistente;Sim;23;Não
3314-7/12;3314712;C;Indústrias de transformação;33;331;3314-7;12;Manutenção e reparação de tratores agrícolas;I;Risco baixo, irrelevante ou inexistente;I;I;Risco baixo, irrelevante ou inexistente;Sim;23;Não
3314-7/13;3314713;C;Indústrias de transformação;33;331;3314-7;13;Manutenção e reparação de máquinas-ferramenta;I;Risco baixo, irrelevante ou inexistente;I;I;Risco baixo, irrelevante ou inexistente;Sim;23;Não
3314-7/14;3314714;C;Indústrias de transformação;33;331;3314-7;14;Manutenção e reparação de máquinas e equipamentos para a prospecção e extração de petróleo;I;Risco baixo, irrelevante ou inexistente;I;I;Risco baixo, irrelevante ou inexistente;Sim;24;Não
3314-7/15;3314715;C;Indústrias de transformação;33;331;3314-7;15;Manutenção e reparação de máquinas e equipamentos para uso na extração mineral, exceto na extração de petróleo;I;Risco baixo, irrelevante ou inexistente;I;I;Risco baixo, irrelevante ou inexistente;Sim;24;Não
3314-7/16;3314716;C;Indústrias de transformação;33;331;3314-7;16;Manutenção e reparação de tratores, exceto agrícolas;I;Risco baixo, irrelevante ou inexistente;I;I;Risco baixo, irrelevante ou inexistente;Sim;24;Não
3314-7/17;3314717;C;Indústrias de transformação;33;331;3314-7;17;Manutenção e reparação de máquinas e equipamentos de terraplenagem , pavimentação e construção, exceto tratores;I;Risco baixo, irrelevante ou inexistente;I;I;Risco baixo, irrelevante ou inexistente;Sim;24;Não
3314-7/18;3314718;C;Indústrias de transformação;33;331;3314-7;18;Manutenção e reparação de máquinas para a indústria metalúrgica, exceto máquinas-ferramenta;I;Risco baixo, irrelevante ou inexistente;I;I;Risco baixo, irrelevante ou inexistente;Sim;24;Não
3314-7/19;3314719;C;Indústrias de transformação;33;331;3314-7;19;Manutenção e reparação de máquinas e equipamentos para as indústrias de alimentos, bebidas e fumo;I;Risco baixo, irrelevante ou inexistente;I;I;Risco baixo, irrelevante ou inexistente;Sim;24;Não
3314-7/20;3314720;C;Indústrias de transformação;33;331;3314-7;20;Manutenção e reparação de máquinas e equipamentos para a indústria têxtil, do vestuário, do couro e calçados;I;Risco baixo, irrelevante ou inexistente;I;I;Risco baixo, irrelevante ou inexistente;Sim;24;Não
3314-7/21;3314721;C;Indústrias de transformação;33;331;3314-7;21;Manutenção e reparação de máquinas e aparelhos para a indústria de celulose, papel e papelão e artefatos;I;Risco baixo, irrelevante ou inexistente;I;I;Risco baixo, irrelevante ou inexistente;Sim;24;Não
3314-7/22;3314722;C;Indústrias de transformação;33;331;3314-7;22;Manutenção e reparação de máquinas e aparelhos para a indústria do plástico;I;Risco baixo, irrelevante ou inexistente;I;I;Risco baixo, irrelevante ou inexistente;Sim;24;Não
3314-7/99;3314799;C;Indústrias de transformação;33;331;3314-7;99;Manutenção e reparação de outras máquinas e equipamentos para usos industriais não especificados anteriormente;I;Risco baixo, irrelevante ou inexistente;I;I;Risco baixo, irrelevante ou inexistente;Sim;24;Não
3315-5/00;3315500;C;Indústrias de transformação;33;331;3315-5;00;Manutenção e reparação de veículos ferroviários;I;Risco baixo, irrelevante ou inexistente;I;I;Risco baixo, irrelevante ou inexistente;Sim;24;Não
3316-3/01;3316301;C;Indústrias de transformação;33;331;3316-3;01;Manutenção e reparação de aeronaves, exceto a manutenção na pista;I;Risco baixo, irrelevante ou inexistente;I;I;Risco baixo, irrelevante ou inexistente;Sim;24;Não
3316-3/02;3316302;C;Indústrias de transformação;33;331;3316-3;02;Manutenção de aeronaves na pista *;I;Risco baixo, irrelevante ou inexistente;I;I;Risco baixo, irrelevante ou inexistente;Sim;24;Não
3317-1/01;3317101;C;Indústrias de transformação;33;331;3317-1;01;Manutenção e reparação de embarcações e estruturas flutuantes;I;Risco baixo, irrelevante ou inexistente;I;I;Risco baixo, irrelevante ou inexistente;Sim;24;Não
3317-1/02;3317102;C;Indústrias de transformação;33;331;3317-1;02;Manutenção e reparação de embarcações para esportes e lazer;I;Risco baixo, irrelevante ou inexistente;I;I;Risco baixo, irrelevante ou inexistente;Sim;24;Não
3319-8/00;3319800;C;Indústrias de transformação;33;331;3319-8;00;Manutenção e reparação de equipamentos e produtos não especificados anteriormente;I;Risco baixo, irrelevante ou inexistente;I;I;Risco baixo, irrelevante ou inexistente;Sim;24;Não
3321-0/00;3321000;C;Indústrias de transformação;33;332;3321-0;00;Instalação de máquinas e equipamentos industriais;I;Risco baixo, irrelevante ou inexistente;I;I;Risco baixo, irrelevante ou inexistente;Sim;24;Não
3329-5/01;3329501;C;Indústrias de transformação;33;332;3329-5;01;Serviços de montagem de móveis de qualquer material;I;Risco baixo, irrelevante ou inexistente;I;I;Risco baixo, irrelevante ou inexistente;Sim;24;Não
3329-5/99;3329599;C;Indústrias de transformação;33;332;3329-5;99;Instalação de outros equipamentos não especificados anteriormente;I;Risco baixo, irrelevante ou inexistente;I;I;Risco baixo, irrelevante ou inexistente;Sim;24;Não
3511-5/01;3511501;D;Eletricidade e gás;35;351;3511-5;01;Geração de energia elétrica;III;Risco alto;II;II ou III;Risco médio ou moderado, ou risco alto;Não;38;Não
3511-5/02;3511502;D;Eletricidade e gás;35;351;3511-5;02;Atividades de coordenação e controle da operação da geração e transmissão de energia elétrica;I;Risco baixo, irrelevante ou inexistente;I;I;Risco baixo, irrelevante ou inexistente;Sim;24;Não
3512-3/00;3512300;D;Eletricidade e gás;35;351;3512-3;00;Transmissão de energia elétrica;III;Risco alto;II;II ou III;Risco médio ou moderado, ou risco alto;Não;46;Não
3513-1/00;3513100;D;Eletricidade e gás;35;351;3513-1;00;Comércio atacadista de energia elétrica;II;Risco médio ou moderado;II;II ou III;Risco médio ou moderado, ou risco alto;Não;38;Não
3514-0/00;3514000;D;Eletricidade e gás;35;351;3514-0;00;Distribuição de energia elétrica;III;Risco alto;II;II ou III;Risco médio ou moderado, ou risco alto;Não;46;Não
3520-4/01;3520401;D;Eletricidade e gás;35;352;3520-4;01;"Produção de gás; processament o de gás natural";III;Risco alto;II;II ou III;Risco médio ou moderado, ou risco alto;Não;46;Não
3520-4/02;3520402;D;Eletricidade e gás;35;352;3520-4;02;Distribuição de combustíveis gasosos por redes urbanas;III;Risco alto;II;II ou III;Risco médio ou moderado, ou risco alto;Não;46;Não
3530-1/00;3530100;D;Eletricidade e gás;35;353;3530-1;00;Produção e distribuição de vapor, água quente e ar condicionado;I;Risco baixo, irrelevante ou inexistente;II;II ou III;Risco médio ou moderado, ou risco alto;Não;46;Não
3600-6/01;3600601;E;Água, esgoto, resíduos e descontaminação;36;360;3600-6;01;Captação, tratamento e distribuição de água;I;Risco baixo, irrelevante ou inexistente;II;II ou III;Risco médio ou moderado, ou risco alto;Não;46;Não
3600-6/02;3600602;E;Água, esgoto, resíduos e descontaminação;36;360;3600-6;02;Distribuição de água por caminhões;I;Risco baixo, irrelevante ou inexistente;I;I;Risco baixo, irrelevante ou inexistente;Sim;24;Não
3701-1/00;3701100;E;Água, esgoto, resíduos e descontaminação;37;370;3701-1;00;Gestão de redes de esgoto;I;Risco baixo, irrelevante ou inexistente;I;I;Risco baixo, irrelevante ou inexistente;Sim;24;Não
3702-9/00;3702900;E;Água, esgoto, resíduos e descontaminação;37;370;3702-9;00;Atividades relacionadas a esgoto, exceto a gestão de redes;I;Risco baixo, irrelevante ou inexistente;I;I;Risco baixo, irrelevante ou inexistente;Sim;24;Não
3811-4/00;3811400;E;Água, esgoto, resíduos e descontaminação;38;381;3811-4;00;Coleta de resíduos não-perigosos;I;Risco baixo, irrelevante ou inexistente;II;II ou III;Risco médio ou moderado, ou risco alto;Não;46;Não
3812-2/00;3812200;E;Água, esgoto, resíduos e descontaminação;38;381;3812-2;00;Coleta de resíduos perigosos;II;Risco médio ou moderado;II;II ou III;Risco médio ou moderado, ou risco alto;Não;46;Não
3821-1/00;3821100;E;Água, esgoto, resíduos e descontaminação;38;382;3821-1;00;Tratamento e disposição de resíduos não-perigosos;II;Risco médio ou moderado;II;II ou III;Risco médio ou moderado, ou risco alto;Não;46;Não
3822-0/00;3822000;E;Água, esgoto, resíduos e descontaminação;38;382;3822-0;00;Tratamento e disposição de resíduos perigosos;II;Risco médio ou moderado;II;II ou III;Risco médio ou moderado, ou risco alto;Não;38;Não
3831-9/01;3831901;E;Água, esgoto, resíduos e descontaminação;38;383;3831-9;01;Recuperação de sucatas de alumínio;I;Risco baixo, irrelevante ou inexistente;I;I;Risco baixo, irrelevante ou inexistente;Sim;24;Não
3831-9/99;3831999;E;Água, esgoto, resíduos e descontaminação;38;383;3831-9;99;Recuperação de materiais metálicos, exceto alumínio;I;Risco baixo, irrelevante ou inexistente;I;I;Risco baixo, irrelevante ou inexistente;Sim;24;Não
3832-7/00;3832700;E;Água, esgoto, resíduos e descontaminação;38;383;3832-7;00;Recuperação de materiais plásticos;I;Risco baixo, irrelevante ou inexistente;I;I;Risco baixo, irrelevante ou inexistente;Sim;24;Não
3839-4/01;3839401;E;Água, esgoto, resíduos e descontaminação;38;383;3839-4;01;Usinas de compostagem;I;Risco baixo, irrelevante ou inexistente;II;II ou III;Risco médio ou moderado, ou risco alto;Não;46;Não
3839-4/99;3839499;E;Água, esgoto, resíduos e descontaminação;38;383;3839-4;99;Recuperação de materiais não especificados anteriormente;I;Risco baixo, irrelevante ou inexistente;I;I;Risco baixo, irrelevante ou inexistente;Sim;24;Não
3900-5/00;3900500;E;Água, esgoto, resíduos e descontaminação;39;390;3900-5;00;Descontamina ção e outros serviços de gestão de resíduos;I;Risco baixo, irrelevante ou inexistente;II;II ou III;Risco médio ou moderado, ou risco alto;Não;46;Não
4110-7/00;4110700;F;Construção;41;411;4110-7;00;Incorporação de empreendime ntos imobiliários;I;Risco baixo, irrelevante ou inexistente;I;I;Risco baixo, irrelevante ou inexistente;Sim;25;Não
4120-4/00;4120400;F;Construção;41;412;4120-4;00;Construção de edifícios;I;Risco baixo, irrelevante ou inexistente;I;I;Risco baixo, irrelevante ou inexistente;Sim;25;Não
4211-1/01;4211101;F;Construção;42;421;4211-1;01;Construção de rodovias e ferrovias;I;Risco baixo, irrelevante ou inexistente;I;I;Risco baixo, irrelevante ou inexistente;Sim;25;Não
4211-1/02;4211102;F;Construção;42;421;4211-1;02;Pintura para sinalização em pistas rodoviárias e aeroportos;I;Risco baixo, irrelevante ou inexistente;I;I;Risco baixo, irrelevante ou inexistente;Sim;25;Não
4212-0/00;4212000;F;Construção;42;421;4212-0;00;Construção de obras de arte especiais;I;Risco baixo, irrelevante ou inexistente;I;I;Risco baixo, irrelevante ou inexistente;Sim;25;Não
4213-8/00;4213800;F;Construção;42;421;4213-8;00;Obras de urbanização -ruas, praças e calçadas;I;Risco baixo, irrelevante ou inexistente;I;I;Risco baixo, irrelevante ou inexistente;Sim;25;Não
4221-9/01;4221901;F;Construção;42;422;4221-9;01;Construção de barragens e represas para geração de energia elétrica;I;Risco baixo, irrelevante ou inexistente;I;I;Risco baixo, irrelevante ou inexistente;Sim;25;Não
4221-9/02;4221902;F;Construção;42;422;4221-9;02;Construção de estações e redes de distribuição de energia elétrica;I;Risco baixo, irrelevante ou inexistente;I;I;Risco baixo, irrelevante ou inexistente;Sim;25;Não
4221-9/03;4221903;F;Construção;42;422;4221-9;03;Manutenção de redes de distribuição de energia elétrica;I;Risco baixo, irrelevante ou inexistente;I;I;Risco baixo, irrelevante ou inexistente;Sim;25;Não
4221-9/04;4221904;F;Construção;42;422;4221-9;04;Construção de estações e redes de telecomunicaç ões;I;Risco baixo, irrelevante ou inexistente;I;I;Risco baixo, irrelevante ou inexistente;Sim;25;Não
4221-9/05;4221905;F;Construção;42;422;4221-9;05;Manutenção de estações e redes de telecomunicaç ões;I;Risco baixo, irrelevante ou inexistente;I;I;Risco baixo, irrelevante ou inexistente;Sim;25;Não
4222-7/01;4222701;F;Construção;42;422;4222-7;01;Construção de redes de abastecimento de água, coleta de esgoto e construções correlatas, exceto obras de irrigação;I;Risco baixo, irrelevante ou inexistente;I;I;Risco baixo, irrelevante ou inexistente;Sim;25;Não
4222-7/02;4222702;F;Construção;42;422;4222-7;02;Obras de irrigação;I;Risco baixo, irrelevante ou inexistente;II;II ou III;Risco médio ou moderado, ou risco alto;Não;46;Não
4223-5/00;4223500;F;Construção;42;422;4223-5;00;Construção de redes de transportes por dutos, exceto para água e esgoto;I;Risco baixo, irrelevante ou inexistente;I;I;Risco baixo, irrelevante ou inexistente;Sim;25;Não
4291-0/00;4291000;F;Construção;42;429;4291-0;00;Obras portuárias, marítimas e fluviais;I;Risco baixo, irrelevante ou inexistente;II;II ou III;Risco médio ou moderado, ou risco alto;Não;46;Não
4292-8/01;4292801;F;Construção;42;429;4292-8;01;Montagem de estruturas metálicas;I;Risco baixo, irrelevante ou inexistente;I;I;Risco baixo, irrelevante ou inexistente;Sim;25;Não
4292-8/02;4292802;F;Construção;42;429;4292-8;02;Obras de montagem industrial;I;Risco baixo, irrelevante ou inexistente;I;I;Risco baixo, irrelevante ou inexistente;Sim;25;Não
4299-5/01;4299501;F;Construção;42;429;4299-5;01;Construção de instalações esportivas e recreativas;I;Risco baixo, irrelevante ou inexistente;I;I;Risco baixo, irrelevante ou inexistente;Sim;25;Não
4299-5/99;4299599;F;Construção;42;429;4299-5;99;Outras obras de engenharia civil não especificadas anteriormente;I;Risco baixo, irrelevante ou inexistente;I;I;Risco baixo, irrelevante ou inexistente;Sim;25;Não
4311-8/01;4311801;F;Construção;43;431;4311-8;01;Demolição de edifícios e outras estruturas;I;Risco baixo, irrelevante ou inexistente;I;I;Risco baixo, irrelevante ou inexistente;Sim;25;Não
4311-8/02;4311802;F;Construção;43;431;4311-8;02;Preparação de canteiro e limpeza de terreno;I;Risco baixo, irrelevante ou inexistente;I;I;Risco baixo, irrelevante ou inexistente;Sim;25;Não
4312-6/00;4312600;F;Construção;43;431;4312-6;00;Perfurações e sondagens;I;Risco baixo, irrelevante ou inexistente;I;I;Risco baixo, irrelevante ou inexistente;Sim;25;Não
4313-4/00;4313400;F;Construção;43;431;4313-4;00;Obras de terraplenagem;I;Risco baixo, irrelevante ou inexistente;I;I;Risco baixo, irrelevante ou inexistente;Sim;25;Não
4319-3/00;4319300;F;Construção;43;431;4319-3;00;Serviços de preparação do terreno não especificados anteriormente;I;Risco baixo, irrelevante ou inexistente;I;I;Risco baixo, irrelevante ou inexistente;Sim;25;Não
4321-5/00;4321500;F;Construção;43;432;4321-5;00;Instalação e manutenção elétrica;I;Risco baixo, irrelevante ou inexistente;I;I;Risco baixo, irrelevante ou inexistente;Sim;25;Não
4322-3/01;4322301;F;Construção;43;432;4322-3;01;Instalações hidráulicas, sanitárias e de gás;I;Risco baixo, irrelevante ou inexistente;I;I;Risco baixo, irrelevante ou inexistente;Sim;25;Não
4322-3/02;4322302;F;Construção;43;432;4322-3;02;Instalação e manutenção de sistemas centrais de ar condicionado, de ventilação e refrigeração;I;Risco baixo, irrelevante ou inexistente;I;I;Risco baixo, irrelevante ou inexistente;Sim;25;Não
4322-3/03;4322303;F;Construção;43;432;4322-3;03;Instalações de sistema de prevenção contra incêndio;I;Risco baixo, irrelevante ou inexistente;I;I;Risco baixo, irrelevante ou inexistente;Sim;25;Não
4329-1/01;4329101;F;Construção;43;432;4329-1;01;Instalação de painéis publicitários;I;Risco baixo, irrelevante ou inexistente;I;I;Risco baixo, irrelevante ou inexistente;Sim;25;Não
4329-1/02;4329102;F;Construção;43;432;4329-1;02;Instalação de equipamentos para orientação à navegação marítima, fluvial e lacustre;I;Risco baixo, irrelevante ou inexistente;I;I;Risco baixo, irrelevante ou inexistente;Sim;25;Não
4329-1/03;4329103;F;Construção;43;432;4329-1;03;Instalação, manutenção e reparação de elevadores, escadas e esteiras rolantes;I;Risco baixo, irrelevante ou inexistente;I;I;Risco baixo, irrelevante ou inexistente;Sim;25;Não
4329-1/04;4329104;F;Construção;43;432;4329-1;04;Montagem e instalação de sistemas e equipamentos de iluminação e sinalização em vias públicas, portos e aeroportos;I;Risco baixo, irrelevante ou inexistente;I;I;Risco baixo, irrelevante ou inexistente;Sim;25;Não
4329-1/05;4329105;F;Construção;43;432;4329-1;05;Tratamentos térmicos, acústicos ou de vibração;I;Risco baixo, irrelevante ou inexistente;I;I;Risco baixo, irrelevante ou inexistente;Sim;25;Não
4329-1/99;4329199;F;Construção;43;432;4329-1;99;Outras obras de instalações em construções não especificadas anteriormente;I;Risco baixo, irrelevante ou inexistente;I;I;Risco baixo, irrelevante ou inexistente;Sim;25;Não
4330-4/01;4330401;F;Construção;43;433;4330-4;01;Impermeabiliz ação em obras de engenharia civil;I;Risco baixo, irrelevante ou inexistente;I;I;Risco baixo, irrelevante ou inexistente;Sim;25;Não
4330-4/02;4330402;F;Construção;43;433;4330-4;02;Instalação de portas, janelas, tetos, divisórias e armários embutidos de qualquer material;I;Risco baixo, irrelevante ou inexistente;I;I;Risco baixo, irrelevante ou inexistente;Sim;25;Não
4330-4/03;4330403;F;Construção;43;433;4330-4;03;Obras de acabamento em gesso e estuque;I;Risco baixo, irrelevante ou inexistente;I;I;Risco baixo, irrelevante ou inexistente;Sim;25;Não
4330-4/04;4330404;F;Construção;43;433;4330-4;04;Serviços de pintura de edifícios em geral;I;Risco baixo, irrelevante ou inexistente;I;I;Risco baixo, irrelevante ou inexistente;Sim;25;Não
4330-4/05;4330405;F;Construção;43;433;4330-4;05;Aplicação de revestimentos e de resinas em interiores e exteriores;I;Risco baixo, irrelevante ou inexistente;I;I;Risco baixo, irrelevante ou inexistente;Sim;25;Não
4330-4/99;4330499;F;Construção;43;433;4330-4;99;Outras obras de acabamento da construção;I;Risco baixo, irrelevante ou inexistente;I;I;Risco baixo, irrelevante ou inexistente;Sim;25;Não
4391-6/00;4391600;F;Construção;43;439;4391-6;00;Obras de fundações;I;Risco baixo, irrelevante ou inexistente;I;I;Risco baixo, irrelevante ou inexistente;Sim;25;Não
4399-1/01;4399101;F;Construção;43;439;4399-1;01;Administração de obras;I;Risco baixo, irrelevante ou inexistente;I;I;Risco baixo, irrelevante ou inexistente;Sim;26;Não
4399-1/02;4399102;F;Construção;43;439;4399-1;02;Montagem e desmontagem de andaimes e outras estruturas temporárias;I;Risco baixo, irrelevante ou inexistente;I;I;Risco baixo, irrelevante ou inexistente;Sim;26;Não
4399-1/03;4399103;F;Construção;43;439;4399-1;03;Obras de alvenaria;I;Risco baixo, irrelevante ou inexistente;I;I;Risco baixo, irrelevante ou inexistente;Sim;26;Não
4399-1/04;4399104;F;Construção;43;439;4399-1;04;Serviços de operação e fornecimento de equipamentos para transporte e elevação de cargas e pessoas para uso em obras;I;Risco baixo, irrelevante ou inexistente;I;I;Risco baixo, irrelevante ou inexistente;Sim;26;Não
4399-1/05;4399105;F;Construção;43;439;4399-1;05;Perfuração e construção de poços de água;I;Risco baixo, irrelevante ou inexistente;I;I;Risco baixo, irrelevante ou inexistente;Sim;26;Não
4399-1/99;4399199;F;Construção;43;439;4399-1;99;Serviços especializados para construção não especificados anteriormente;I;Risco baixo, irrelevante ou inexistente;I;I;Risco baixo, irrelevante ou inexistente;Sim;26;Não
4511-1/01;4511101;G;Comércio e reparação de veículos;45;451;4511-1;01;Comércio a varejo de automóveis, camionetas e utilitários novos;I;Risco baixo, irrelevante ou inexistente;I;I;Risco baixo, irrelevante ou inexistente;Sim;26;Não
4511-1/02;4511102;G;Comércio e reparação de veículos;45;451;4511-1;02;Comércio a varejo de automóveis, camionetas e utilitários usados;I;Risco baixo, irrelevante ou inexistente;I;I;Risco baixo, irrelevante ou inexistente;Sim;26;Não
4511-1/03;4511103;G;Comércio e reparação de veículos;45;451;4511-1;03;Comércio por atacado de automóveis, camionetas e utilitários novos e usados;I;Risco baixo, irrelevante ou inexistente;I;I;Risco baixo, irrelevante ou inexistente;Sim;26;Não
4511-1/04;4511104;G;Comércio e reparação de veículos;45;451;4511-1;04;Comércio por atacado de caminhões novos e usados;I;Risco baixo, irrelevante ou inexistente;I;I;Risco baixo, irrelevante ou inexistente;Sim;26;Não
4511-1/05;4511105;G;Comércio e reparação de veículos;45;451;4511-1;05;Comércio por atacado de reboques e semi-reboques novos e usados;I;Risco baixo, irrelevante ou inexistente;I;I;Risco baixo, irrelevante ou inexistente;Sim;26;Não
4511-1/06;4511106;G;Comércio e reparação de veículos;45;451;4511-1;06;Comércio por atacado de ônibus e microônibus novos e usados;I;Risco baixo, irrelevante ou inexistente;I;I;Risco baixo, irrelevante ou inexistente;Sim;26;Não
4512-9/01;4512901;G;Comércio e reparação de veículos;45;451;4512-9;01;Representante s comerciais e agentes do comércio de veículos automotores;I;Risco baixo, irrelevante ou inexistente;I;I;Risco baixo, irrelevante ou inexistente;Sim;26;Não
4512-9/02;4512902;G;Comércio e reparação de veículos;45;451;4512-9;02;Comércio sob consignação de veículos automotores;I;Risco baixo, irrelevante ou inexistente;I;I;Risco baixo, irrelevante ou inexistente;Sim;26;Não
4520-0/01;4520001;G;Comércio e reparação de veículos;45;452;4520-0;01;Serviços de manutenção e reparação mecânica de veículos automotores;I;Risco baixo, irrelevante ou inexistente;I;I;Risco baixo, irrelevante ou inexistente;Sim;26;Não
4520-0/02;4520002;G;Comércio e reparação de veículos;45;452;4520-0;02;Serviços de lanternagem ou funilaria e pintura de veículos automotores;I;Risco baixo, irrelevante ou inexistente;I;I;Risco baixo, irrelevante ou inexistente;Sim;26;Não
4520-0/03;4520003;G;Comércio e reparação de veículos;45;452;4520-0;03;Serviços de manutenção e reparação elétrica de veículos automotores;I;Risco baixo, irrelevante ou inexistente;I;I;Risco baixo, irrelevante ou inexistente;Sim;26;Não
4520-0/04;4520004;G;Comércio e reparação de veículos;45;452;4520-0;04;Serviços de alinhamento e balanceament o de veículos automotores;I;Risco baixo, irrelevante ou inexistente;I;I;Risco baixo, irrelevante ou inexistente;Sim;26;Não
4520-0/05;4520005;G;Comércio e reparação de veículos;45;452;4520-0;05;Serviços de lavagem, lubrificação e polimento de veículos automotores;I;Risco baixo, irrelevante ou inexistente;I;I;Risco baixo, irrelevante ou inexistente;Sim;26;Não
4520-0/06;4520006;G;Comércio e reparação de veículos;45;452;4520-0;06;Serviços de borracharia para veículos automotores;I;Risco baixo, irrelevante ou inexistente;I;I;Risco baixo, irrelevante ou inexistente;Sim;26;Não
4520-0/07;4520007;G;Comércio e reparação de veículos;45;452;4520-0;07;Serviços de instalação, manutenção e reparação de acessórios para veículos automotores;I;Risco baixo, irrelevante ou inexistente;I;I;Risco baixo, irrelevante ou inexistente;Sim;26;Não
4520-0/08;4520008;G;Comércio e reparação de veículos;45;452;4520-0;08;Serviços de capotaria;I;Risco baixo, irrelevante ou inexistente;I;I;Risco baixo, irrelevante ou inexistente;Sim;26;Não
4530-7/01;4530701;G;Comércio e reparação de veículos;45;453;4530-7;01;Comércio por atacado de peças e acessórios novos para veículos automotores;I;Risco baixo, irrelevante ou inexistente;I;I;Risco baixo, irrelevante ou inexistente;Sim;26;Não
4530-7/02;4530702;G;Comércio e reparação de veículos;45;453;4530-7;02;Comércio por atacado de pneumáticos e câmaras-de-ar;I;Risco baixo, irrelevante ou inexistente;I;I;Risco baixo, irrelevante ou inexistente;Sim;26;Não
4530-7/03;4530703;G;Comércio e reparação de veículos;45;453;4530-7;03;Comércio a varejo de peças e acessórios novos para veículos automotores;I;Risco baixo, irrelevante ou inexistente;I;I;Risco baixo, irrelevante ou inexistente;Sim;26;Não
4530-7/04;4530704;G;Comércio e reparação de veículos;45;453;4530-7;04;Comércio a varejo de peças e acessórios usados para veículos automotores;I;Risco baixo, irrelevante ou inexistente;I;I;Risco baixo, irrelevante ou inexistente;Sim;26;Não
4530-7/05;4530705;G;Comércio e reparação de veículos;45;453;4530-7;05;Comércio a varejo de pneumáticos e câmaras-de-ar;I;Risco baixo, irrelevante ou inexistente;I;I;Risco baixo, irrelevante ou inexistente;Sim;26;Não
4530-7/06;4530706;G;Comércio e reparação de veículos;45;453;4530-7;06;Representante s comerciais e agentes do comércio de peças e acessórios novos e usados para veículos automotores;I;Risco baixo, irrelevante ou inexistente;I;I;Risco baixo, irrelevante ou inexistente;Sim;26;Não
4541-2/01;4541201;G;Comércio e reparação de veículos;45;454;4541-2;01;Comércio por atacado de motocicletas e motonetas;I;Risco baixo, irrelevante ou inexistente;I;I;Risco baixo, irrelevante ou inexistente;Sim;26;Não
4541-2/02;4541202;G;Comércio e reparação de veículos;45;454;4541-2;02;Comércio por atacado de peças e acessórios para motocicletas e motonetas;I;Risco baixo, irrelevante ou inexistente;I;I;Risco baixo, irrelevante ou inexistente;Sim;26;Não
4541-2/03;4541203;G;Comércio e reparação de veículos;45;454;4541-2;03;Comércio a varejo de motocicletas e motonetas novas;I;Risco baixo, irrelevante ou inexistente;I;I;Risco baixo, irrelevante ou inexistente;Sim;26;Não
4541-2/04;4541204;G;Comércio e reparação de veículos;45;454;4541-2;04;Comércio a varejo de motocicletas e motonetas usadas;I;Risco baixo, irrelevante ou inexistente;I;I;Risco baixo, irrelevante ou inexistente;Sim;26;Não
4541-2/05;4541205;G;Comércio e reparação de veículos;45;454;4541-2;05;Comércio a varejo de peças e acessórios para motocicletas e motonetas;I;Risco baixo, irrelevante ou inexistente;I;I;Risco baixo, irrelevante ou inexistente;Sim;26;Não
4541-2/06;4541206;G;Comércio e reparação de veículos;45;454;4541-2;06;Comércio a varejo de peças e acessórios novos para motocicletas e motonetas;I;Risco baixo, irrelevante ou inexistente;I;I;Risco baixo, irrelevante ou inexistente;Sim;26;Não
4541-2/07;4541207;G;Comércio e reparação de veículos;45;454;4541-2;07;Comércio a varejo de peças e acessórios usados para;I;Risco baixo, irrelevante ou inexistente;I;I;Risco baixo, irrelevante ou inexistente;Sim;26;Não
4542-1/01;4542101;G;Comércio e reparação de veículos;45;454;4542-1;01;Representante s comerciais e agentes do comércio de motocicletas e motonetas, peças e acessórios;I;Risco baixo, irrelevante ou inexistente;I;I;Risco baixo, irrelevante ou inexistente;Sim;27;Não
4542-1/02;4542102;G;Comércio e reparação de veículos;45;454;4542-1;02;Comércio sob consignação de motocicletas e motonetas;I;Risco baixo, irrelevante ou inexistente;I;I;Risco baixo, irrelevante ou inexistente;Sim;27;Não
4543-9/00;4543900;G;Comércio e reparação de veículos;45;454;4543-9;00;Manutenção e reparação de motocicletas e motonetas;I;Risco baixo, irrelevante ou inexistente;I;I;Risco baixo, irrelevante ou inexistente;Sim;27;Não
4611-7/00;4611700;G;Comércio e reparação de veículos;46;461;4611-7;00;Representante s comerciais e agentes do comércio de matérias-primas agrícolas e animais vivos;I;Risco baixo, irrelevante ou inexistente;I;I;Risco baixo, irrelevante ou inexistente;Sim;27;Não
4612-5/00;4612500;G;Comércio e reparação de veículos;46;461;4612-5;00;Representante s comerciais e agentes do comércio de combustíveis, minerais, produtos siderúrgicos e químicos;I;Risco baixo, irrelevante ou inexistente;I;I;Risco baixo, irrelevante ou inexistente;Sim;27;Não
4613-3/00;4613300;G;Comércio e reparação de veículos;46;461;4613-3;00;Representante s comerciais e agentes do comércio de madeira, material de construção e ferragens;I;Risco baixo, irrelevante ou inexistente;I;I;Risco baixo, irrelevante ou inexistente;Sim;27;Não
4614-1/00;4614100;G;Comércio e reparação de veículos;46;461;4614-1;00;Representante s comerciais e agentes do comércio de máquinas, equipamentos, embarcações e aeronaves;I;Risco baixo, irrelevante ou inexistente;I;I;Risco baixo, irrelevante ou inexistente;Sim;27;Não
4615-0/00;4615000;G;Comércio e reparação de veículos;46;461;4615-0;00;Representante s comerciais e agentes do comércio de eletrodoméstic os, móveis e artigos de uso doméstico;I;Risco baixo, irrelevante ou inexistente;I;I;Risco baixo, irrelevante ou inexistente;Sim;27;Não
4616-8/00;4616800;G;Comércio e reparação de veículos;46;461;4616-8;00;Representante s comerciais e agentes do comércio de têxteis, vestuário, calçados e artigos de viagem;I;Risco baixo, irrelevante ou inexistente;I;I;Risco baixo, irrelevante ou inexistente;Sim;27;Não
4617-6/00;4617600;G;Comércio e reparação de veículos;46;461;4617-6;00;Representante s comerciais e agentes do comércio de produtos alimentícios, bebidas e fumo;I;Risco baixo, irrelevante ou inexistente;I;I;Risco baixo, irrelevante ou inexistente;Sim;27;Não
4618-4/01;4618401;G;Comércio e reparação de veículos;46;461;4618-4;01;Representante s comerciais e agentes do comércio de medicamentos , cosméticos e produtos de perfumaria;I;Risco baixo, irrelevante ou inexistente;I;I;Risco baixo, irrelevante ou inexistente;Sim;27;Não
4618-4/02;4618402;G;Comércio e reparação de veículos;46;461;4618-4;02;Representante s comerciais e agentes do comércio de instrumentos e materiais odonto-médico-hospitalares;I;Risco baixo, irrelevante ou inexistente;I;I;Risco baixo, irrelevante ou inexistente;Sim;27;Não
4618-4/03;4618403;G;Comércio e reparação de veículos;46;461;4618-4;03;Representante s comerciais e agentes do comércio de jornais, revistas e outras publicações;I;Risco baixo, irrelevante ou inexistente;I;I;Risco baixo, irrelevante ou inexistente;Sim;27;Não
4618-4/99;4618499;G;Comércio e reparação de veículos;46;461;4618-4;99;Outros representante s comerciais e agentes do comércio especializado em produtos não especificados anteriormente;I;Risco baixo, irrelevante ou inexistente;I;I;Risco baixo, irrelevante ou inexistente;Sim;27;Não
4619-2/00;4619200;G;Comércio e reparação de veículos;46;461;4619-2;00;Representante s comerciais e agentes do comércio de;I;Risco baixo, irrelevante ou inexistente;I;I;Risco baixo, irrelevante ou inexistente;Sim;27;Não
4621-4/00;4621400;G;Comércio e reparação de veículos;46;462;4621-4;00;Comércio atacadista de café em grão;I;Risco baixo, irrelevante ou inexistente;II;II ou III;Risco médio ou moderado, ou risco alto;Não;40;Não
4622-2/00;4622200;G;Comércio e reparação de veículos;46;462;4622-2;00;Comércio atacadista de soja;I;Risco baixo, irrelevante ou inexistente;II;II ou III;Risco médio ou moderado, ou risco alto;Não;40;Não
4623-1/01;4623101;G;Comércio e reparação de veículos;46;462;4623-1;01;Comércio atacadista de animais vivos;I;Risco baixo, irrelevante ou inexistente;I;I;Risco baixo, irrelevante ou inexistente;Sim;27;Não
4623-1/02;4623102;G;Comércio e reparação de veículos;46;462;4623-1;02;Comércio atacadista de couros, lãs, peles e outros subprodutos não-comestíveis de origem animal;I;Risco baixo, irrelevante ou inexistente;I;I;Risco baixo, irrelevante ou inexistente;Sim;27;Não
4623-1/03;4623103;G;Comércio e reparação de veículos;46;462;4623-1;03;Comércio atacadista de algodão;I;Risco baixo, irrelevante ou inexistente;I;I;Risco baixo, irrelevante ou inexistente;Sim;27;Não
4623-1/04;4623104;G;Comércio e reparação de veículos;46;462;4623-1;04;Comércio atacadista de fumo em folha não beneficiado;I;Risco baixo, irrelevante ou inexistente;I;I;Risco baixo, irrelevante ou inexistente;Sim;27;Não
4623-1/05;4623105;G;Comércio e reparação de veículos;46;462;4623-1;05;Comércio atacadista de cacau *;I;Risco baixo, irrelevante ou inexistente;II;II ou III;Risco médio ou moderado, ou risco alto;Não;40;Não
4623-1/06;4623106;G;Comércio e reparação de veículos;46;462;4623-1;06;Comércio atacadista de sementes, flores, plantas e gramas;I;Risco baixo, irrelevante ou inexistente;I;I;Risco baixo, irrelevante ou inexistente;Sim;27;Não
4623-1/07;4623107;G;Comércio e reparação de veículos;46;462;4623-1;07;Comércio atacadista de sisal;I;Risco baixo, irrelevante ou inexistente;I;I;Risco baixo, irrelevante ou inexistente;Sim;27;Não
4623-1/08;4623108;G;Comércio e reparação de veículos;46;462;4623-1;08;Comércio atacadista de matérias-primas agrícolas com atividade de fracionamento e acondicionam ento associada;I;Risco baixo, irrelevante ou inexistente;I;I;Risco baixo, irrelevante ou inexistente;Sim;27;Não
4623-1/09;4623109;G;Comércio e reparação de veículos;46;462;4623-1;09;Comércio atacadista de alimentos para animais;I;Risco baixo, irrelevante ou inexistente;I;I;Risco baixo, irrelevante ou inexistente;Sim;27;Não
4623-1/99;4623199;G;Comércio e reparação de veículos;46;462;4623-1;99;Comércio atacadista de matérias-primas agrícolas não especificadas anteriormente;I;Risco baixo, irrelevante ou inexistente;I;I;Risco baixo, irrelevante ou inexistente;Sim;27;Não
4631-1/00;4631100;G;Comércio e reparação de veículos;46;463;4631-1;00;Comércio atacadista de leite e laticínios;I;Risco baixo, irrelevante ou inexistente;II;II ou III;Risco médio ou moderado, ou risco alto;Não;40;Não
4632-0/01;4632001;G;Comércio e reparação de veículos;46;463;4632-0;01;Comércio atacadista de cereais e leguminosas beneficiados;I;Risco baixo, irrelevante ou inexistente;II;II ou III;Risco médio ou moderado, ou risco alto;Não;40;Não
4632-0/02;4632002;G;Comércio e reparação de veículos;46;463;4632-0;02;Comércio atacadista de farinhas, amidos e féculas;I;Risco baixo, irrelevante ou inexistente;II;II ou III;Risco médio ou moderado, ou risco alto;Não;40;Não
4632-0/03;4632003;G;Comércio e reparação de veículos;46;463;4632-0;03;Comércio atacadista de cereais e leguminosas beneficiados, farinhas, amidos e féculas, com atividade de fracionamento e acondicionam ento associada;I;Risco baixo, irrelevante ou inexistente;II;II ou III;Risco médio ou moderado, ou risco alto;Não;40;Não
4633-8/01;4633801;G;Comércio e reparação de veículos;46;463;4633-8;01;Comércio atacadista de frutas, verduras, raízes, tubérculos, hortaliças e legumes frescos;I;Risco baixo, irrelevante ou inexistente;II;II ou III;Risco médio ou moderado, ou risco alto;Não;40;Não
4633-8/02;4633802;G;Comércio e reparação de veículos;46;463;4633-8;02;Comércio atacadista de aves vivas e ovos;I;Risco baixo, irrelevante ou inexistente;II;II ou III;Risco médio ou moderado, ou risco alto;Não;40;Não
4633-8/03;4633803;G;Comércio e reparação de veículos;46;463;4633-8;03;Comércio atacadista de coelhos e outros pequenos animais vivos para alimentação;I;Risco baixo, irrelevante ou inexistente;I;I;Risco baixo, irrelevante ou inexistente;Sim;27;Não
4634-6/01;4634601;G;Comércio e reparação de veículos;46;463;4634-6;01;Comércio atacadista de carnes bovinas e suínas e derivados;I;Risco baixo, irrelevante ou inexistente;II;II ou III;Risco médio ou moderado, ou risco alto;Não;40;Não
4634-6/02;4634602;G;Comércio e reparação de veículos;46;463;4634-6;02;Comércio atacadista de aves abatidas e derivados;I;Risco baixo, irrelevante ou inexistente;II;II ou III;Risco médio ou moderado, ou risco alto;Não;40;Não
4634-6/03;4634603;G;Comércio e reparação de veículos;46;463;4634-6;03;Comércio atacadista de pescados e frutos do mar;I;Risco baixo, irrelevante ou inexistente;II;II ou III;Risco médio ou moderado, ou risco alto;Não;40;Não
4634-6/99;4634699;G;Comércio e reparação de veículos;46;463;4634-6;99;Comércio atacadista de carnes e derivados de outros animais;I;Risco baixo, irrelevante ou inexistente;II;II ou III;Risco médio ou moderado, ou risco alto;Não;40;Não
4635-4/01;4635401;G;Comércio e reparação de veículos;46;463;4635-4;01;Comércio atacadista de água mineral;I;Risco baixo, irrelevante ou inexistente;II;II ou III;Risco médio ou moderado, ou risco alto;Não;40;Não
4635-4/02;4635402;G;Comércio e reparação de veículos;46;463;4635-4;02;Comércio atacadista de cerveja, chope e refrigerante;I;Risco baixo, irrelevante ou inexistente;II;II ou III;Risco médio ou moderado, ou risco alto;Não;40;Não
4635-4/03;4635403;G;Comércio e reparação de veículos;46;463;4635-4;03;Comércio atacadista de bebidas com atividade de fracionamento;I;Risco baixo, irrelevante ou inexistente;II;II ou III;Risco médio ou moderado, ou risco alto;Não;40;Não
4635-4/99;4635499;G;Comércio e reparação de veículos;46;463;4635-4;99;Comércio atacadista de bebidas não especificadas anteriormente;I;Risco baixo, irrelevante ou inexistente;II;II ou III;Risco médio ou moderado, ou risco alto;Não;40;Não
4636-2/01;4636201;G;Comércio e reparação de veículos;46;463;4636-2;01;Comércio atacadista de fumo beneficiado;I;Risco baixo, irrelevante ou inexistente;I;I;Risco baixo, irrelevante ou inexistente;Sim;27;Não
4636-2/02;4636202;G;Comércio e reparação de veículos;46;463;4636-2;02;Comércio atacadista de cigarros, cigarrilhas e charutos;I;Risco baixo, irrelevante ou inexistente;I;I;Risco baixo, irrelevante ou inexistente;Sim;27;Não
4637-1/01;4637101;G;Comércio e reparação de veículos;46;463;4637-1;01;Comércio atacadista de café torrado, moído e solúvel;I;Risco baixo, irrelevante ou inexistente;II;II ou III;Risco médio ou moderado, ou risco alto;Não;40;Não
4637-1/02;4637102;G;Comércio e reparação de veículos;46;463;4637-1;02;Comércio atacadista de açúcar;I;Risco baixo, irrelevante ou inexistente;II;II ou III;Risco médio ou moderado, ou risco alto;Não;40;Não
4637-1/03;4637103;G;Comércio e reparação de veículos;46;463;4637-1;03;Comércio atacadista de óleos e gorduras;I;Risco baixo, irrelevante ou inexistente;II;II ou III;Risco médio ou moderado, ou risco alto;Não;40;Não
4637-1/04;4637104;G;Comércio e reparação de veículos;46;463;4637-1;04;Comércio atacadista de pães, bolos, biscoitos e similares;I;Risco baixo, irrelevante ou inexistente;II;II ou III;Risco médio ou moderado, ou risco alto;Não;40;Não
4637-1/05;4637105;G;Comércio e reparação de veículos;46;463;4637-1;05;Comércio atacadista de massas alimentícias;I;Risco baixo, irrelevante ou inexistente;II;II ou III;Risco médio ou moderado, ou risco alto;Não;40;Não
4637-1/06;4637106;G;Comércio e reparação de veículos;46;463;4637-1;06;Comércio atacadista de sorvetes;I;Risco baixo, irrelevante ou inexistente;II;II ou III;Risco médio ou moderado, ou risco alto;Não;40;Não
4637-1/07;4637107;G;Comércio e reparação de veículos;46;463;4637-1;07;Comércio atacadista de chocolates, confeitos, balas, bombons e semelhantes;I;Risco baixo, irrelevante ou inexistente;II;II ou III;Risco médio ou moderado, ou risco alto;Não;40;Não
4637-1/99;4637199;G;Comércio e reparação de veículos;46;463;4637-1;99;Comércio atacadista especializado em outros produtos alimentícios não especificados anteriormente;I;Risco baixo, irrelevante ou inexistente;II;II ou III;Risco médio ou moderado, ou risco alto;Não;40;Não
4639-7/01;4639701;G;Comércio e reparação de veículos;46;463;4639-7;01;Comércio atacadista de produtos alimentícios em geral;I;Risco baixo, irrelevante ou inexistente;II;II ou III;Risco médio ou moderado, ou risco alto;Não;40;Não
4639-7/02;4639702;G;Comércio e reparação de veículos;46;463;4639-7;02;Comércio atacadista de produtos alimentícios em geral, com atividade de fracionamento e acondicionam ento associada;I;Risco baixo, irrelevante ou inexistente;II;II ou III;Risco médio ou moderado, ou risco alto;Não;40;Não
4641-9/01;4641901;G;Comércio e reparação de veículos;46;464;4641-9;01;Comércio atacadista de tecidos;I;Risco baixo, irrelevante ou inexistente;I;I;Risco baixo, irrelevante ou inexistente;Sim;27;Não
4641-9/02;4641902;G;Comércio e reparação de veículos;46;464;4641-9;02;Comércio atacadista de artigos de cama, mesa e banho;I;Risco baixo, irrelevante ou inexistente;I;I;Risco baixo, irrelevante ou inexistente;Sim;27;Não
4641-9/03;4641903;G;Comércio e reparação de veículos;46;464;4641-9;03;Comércio atacadista de artigos de armarinho;I;Risco baixo, irrelevante ou inexistente;I;I;Risco baixo, irrelevante ou inexistente;Sim;27;Não
4642-7/01;4642701;G;Comércio e reparação de veículos;46;464;4642-7;01;Comércio atacadista de artigos do vestuário e acessórios, exceto profissionais e de segurança;I;Risco baixo, irrelevante ou inexistente;I;I;Risco baixo, irrelevante ou inexistente;Sim;27;Não
4642-7/02;4642702;G;Comércio e reparação de veículos;46;464;4642-7;02;Comércio atacadista de roupas e acessórios para uso profissional e de segurança do trabalho;I;Risco baixo, irrelevante ou inexistente;I;I;Risco baixo, irrelevante ou inexistente;Sim;27;Não
4643-5/01;4643501;G;Comércio e reparação de veículos;46;464;4643-5;01;Comércio atacadista de calçados;I;Risco baixo, irrelevante ou inexistente;I;I;Risco baixo, irrelevante ou inexistente;Sim;27;Não
4643-5/02;4643502;G;Comércio e reparação de veículos;46;464;4643-5;02;Comércio atacadista de bolsas, malas e artigos de;I;Risco baixo, irrelevante ou inexistente;I;I;Risco baixo, irrelevante ou inexistente;Sim;27;Não
4644-3/01;4644301;G;Comércio e reparação de veículos;46;464;4644-3;01;Comércio atacadista de medicamentos e drogas de uso humano;I;Risco baixo, irrelevante ou inexistente;II;II ou III;Risco médio ou moderado, ou risco alto;Não;40;Não
4644-3/02;4644302;G;Comércio e reparação de veículos;46;464;4644-3;02;Comércio atacadista de medicamentos e drogas de uso veterinário;I;Risco baixo, irrelevante ou inexistente;I;I;Risco baixo, irrelevante ou inexistente;Sim;28;Não
4645-1/01;4645101;G;Comércio e reparação de veículos;46;464;4645-1;01;Comércio atacadista de instrumentos e materiais para uso médico, cirúrgico, hospitalar e de laboratórios;I;Risco baixo, irrelevante ou inexistente;II;II ou III;Risco médio ou moderado, ou risco alto;Não;40;Não
4645-1/02;4645102;G;Comércio e reparação de veículos;46;464;4645-1;02;Comércio atacadista de próteses e artigos de ortopedia;I;Risco baixo, irrelevante ou inexistente;II;II ou III;Risco médio ou moderado, ou risco alto;Não;40;Não
4645-1/03;4645103;G;Comércio e reparação de veículos;46;464;4645-1;03;Comércio atacadista de produtos odontológicos;I;Risco baixo, irrelevante ou inexistente;II;II ou III;Risco médio ou moderado, ou risco alto;Não;40;Não
4646-0/01;4646001;G;Comércio e reparação de veículos;46;464;4646-0;01;Comércio atacadista de cosméticos e produtos de perfumaria;I;Risco baixo, irrelevante ou inexistente;II;II ou III;Risco médio ou moderado, ou risco alto;Não;40;Não
4646-0/02;4646002;G;Comércio e reparação de veículos;46;464;4646-0;02;Comércio atacadista de produtos de higiene pessoal;I;Risco baixo, irrelevante ou inexistente;II;II ou III;Risco médio ou moderado, ou risco alto;Não;41;Não
4647-8/01;4647801;G;Comércio e reparação de veículos;46;464;4647-8;01;Comércio atacadista de artigos de escritório e de papelaria;I;Risco baixo, irrelevante ou inexistente;I;I;Risco baixo, irrelevante ou inexistente;Sim;28;Não
4647-8/02;4647802;G;Comércio e reparação de veículos;46;464;4647-8;02;Comércio atacadista de livros, jornais e outras publicações;I;Risco baixo, irrelevante ou inexistente;I;I;Risco baixo, irrelevante ou inexistente;Sim;28;Não
4649-4/01;4649401;G;Comércio e reparação de veículos;46;464;4649-4;01;Comércio atacadista de equipamentos elétricos de uso pessoal e doméstico;I;Risco baixo, irrelevante ou inexistente;I;I;Risco baixo, irrelevante ou inexistente;Sim;28;Não
4649-4/02;4649402;G;Comércio e reparação de veículos;46;464;4649-4;02;Comércio atacadista de aparelhos eletrônicos de uso pessoal e doméstico;I;Risco baixo, irrelevante ou inexistente;I;I;Risco baixo, irrelevante ou inexistente;Sim;28;Não
4649-4/03;4649403;G;Comércio e reparação de veículos;46;464;4649-4;03;Comércio atacadista de bicicletas, triciclos e outros veículos recreativos;I;Risco baixo, irrelevante ou inexistente;I;I;Risco baixo, irrelevante ou inexistente;Sim;28;Não
4649-4/04;4649404;G;Comércio e reparação de veículos;46;464;4649-4;04;Comércio atacadista de móveis e artigos de colchoaria;I;Risco baixo, irrelevante ou inexistente;I;I;Risco baixo, irrelevante ou inexistente;Sim;28;Não
4649-4/05;4649405;G;Comércio e reparação de veículos;46;464;4649-4;05;"Comércio atacadista de artigos de tapeçaria; persianas e cortinas";I;Risco baixo, irrelevante ou inexistente;I;I;Risco baixo, irrelevante ou inexistente;Sim;28;Não
4649-4/06;4649406;G;Comércio e reparação de veículos;46;464;4649-4;06;Comércio atacadista de lustres, luminárias e abajures;I;Risco baixo, irrelevante ou inexistente;I;I;Risco baixo, irrelevante ou inexistente;Sim;28;Não
4649-4/07;4649407;G;Comércio e reparação de veículos;46;464;4649-4;07;Comércio atacadista de filmes, CDs, DVDs, fitas e discos;I;Risco baixo, irrelevante ou inexistente;I;I;Risco baixo, irrelevante ou inexistente;Sim;28;Não
4649-4/08;4649408;G;Comércio e reparação de veículos;46;464;4649-4;08;Comércio atacadista de produtos de higiene, limpeza e conservação domiciliar;I;Risco baixo, irrelevante ou inexistente;II;II ou III;Risco médio ou moderado, ou risco alto;Não;41;Não
4649-4/09;4649409;G;Comércio e reparação de veículos;46;464;4649-4;09;Comércio atacadista de produtos de higiene, limpeza e conservação domiciliar, com atividade de fracionamento e acondicionam ento associada;I;Risco baixo, irrelevante ou inexistente;II;II ou III;Risco médio ou moderado, ou risco alto;Não;41;Não
4649-4/10;4649410;G;Comércio e reparação de veículos;46;464;4649-4;10;Comércio atacadista de jóias, relógios e bijuterias, inclusive pedras preciosas e semipreciosas lapidadas;I;Risco baixo, irrelevante ou inexistente;I;I;Risco baixo, irrelevante ou inexistente;Sim;28;Não
4649-4/99;4649499;G;Comércio e reparação de veículos;46;464;4649-4;99;Comércio atacadista de outros equipamentos e artigos de uso pessoal e doméstico não especificados anteriormente;I;Risco baixo, irrelevante ou inexistente;I;I;Risco baixo, irrelevante ou inexistente;Sim;28;Não
4651-6/01;4651601;G;Comércio e reparação de veículos;46;465;4651-6;01;Comércio atacadista de equipamentos de informática;I;Risco baixo, irrelevante ou inexistente;I;I;Risco baixo, irrelevante ou inexistente;Sim;28;Não
4651-6/02;4651602;G;Comércio e reparação de veículos;46;465;4651-6;02;Comércio atacadista de suprimentos para informática;I;Risco baixo, irrelevante ou inexistente;I;I;Risco baixo, irrelevante ou inexistente;Sim;28;Não
4652-4/00;4652400;G;Comércio e reparação de veículos;46;465;4652-4;00;Comércio atacadista de componentes eletrônicos e equipamentos de telefonia e comunicação;I;Risco baixo, irrelevante ou inexistente;I;I;Risco baixo, irrelevante ou inexistente;Sim;28;Não
4661-3/00;4661300;G;Comércio e reparação de veículos;46;466;4661-3;00;"Comércio atacadista de máquinas, aparelhos e equipamentos para uso agropecuário; partes e peças";I;Risco baixo, irrelevante ou inexistente;I;I;Risco baixo, irrelevante ou inexistente;Sim;28;Não
4662-1/00;4662100;G;Comércio e reparação de veículos;46;466;4662-1;00;Comércio atacadista de máquinas, equipamentos para terraplenagem , mineração e;I;Risco baixo, irrelevante ou inexistente;I;I;Risco baixo, irrelevante ou inexistente;Sim;28;Não
4663-0/00;4663000;G;Comércio e reparação de veículos;46;466;4663-0;00;"Comércio atacadista de máquinas e equipamentos para uso industrial; partes e peças";I;Risco baixo, irrelevante ou inexistente;I;I;Risco baixo, irrelevante ou inexistente;Sim;28;Não
4664-8/00;4664800;G;Comércio e reparação de veículos;46;466;4664-8;00;"Comércio atacadista de máquinas, aparelhos e equipamentos para uso odonto-médico-hospitalar; partes e peças";I;Risco baixo, irrelevante ou inexistente;II;II ou III;Risco médio ou moderado, ou risco alto;Não;41;Não
4665-6/00;4665600;G;Comércio e reparação de veículos;46;466;4665-6;00;"Comércio atacadista de máquinas e equipamentos para uso comercial; partes e peças";I;Risco baixo, irrelevante ou inexistente;I;I;Risco baixo, irrelevante ou inexistente;Sim;28;Não
4669-9/01;4669901;G;Comércio e reparação de veículos;46;466;4669-9;01;"Comércio atacadista de bombas e compressores; partes e peças";I;Risco baixo, irrelevante ou inexistente;I;I;Risco baixo, irrelevante ou inexistente;Sim;28;Não
4669-9/99;4669999;G;Comércio e reparação de veículos;46;466;4669-9;99;"Comércio atacadista de outras máquinas e equipamentos não especificados anteriormente; partes e peças";I;Risco baixo, irrelevante ou inexistente;I;I;Risco baixo, irrelevante ou inexistente;Sim;28;Não
4671-1/00;4671100;G;Comércio e reparação de veículos;46;467;4671-1;00;Comércio atacadista de madeira e produtos derivados;I;Risco baixo, irrelevante ou inexistente;I;I;Risco baixo, irrelevante ou inexistente;Sim;28;Não
4672-9/00;4672900;G;Comércio e reparação de veículos;46;467;4672-9;00;Comércio atacadista de ferragens e ferramentas;I;Risco baixo, irrelevante ou inexistente;I;I;Risco baixo, irrelevante ou inexistente;Sim;28;Não
4673-7/00;4673700;G;Comércio e reparação de veículos;46;467;4673-7;00;Comércio atacadista de material elétrico;I;Risco baixo, irrelevante ou inexistente;I;I;Risco baixo, irrelevante ou inexistente;Sim;28;Não
4674-5/00;4674500;G;Comércio e reparação de veículos;46;467;4674-5;00;Comércio atacadista de cimento;I;Risco baixo, irrelevante ou inexistente;II;II ou III;Risco médio ou moderado, ou risco alto;Não;46;Não
4679-6/01;4679601;G;Comércio e reparação de veículos;46;467;4679-6;01;Comércio atacadista de tintas, vernizes e similares;II;Risco médio ou moderado;II;II ou III;Risco médio ou moderado, ou risco alto;Não;38;Não
4679-6/02;4679602;G;Comércio e reparação de veículos;46;467;4679-6;02;Comércio atacadista de mármores e granitos;I;Risco baixo, irrelevante ou inexistente;I;I;Risco baixo, irrelevante ou inexistente;Sim;28;Não
4679-6/03;4679603;G;Comércio e reparação de veículos;46;467;4679-6;03;Comércio atacadista de vidros, espelhos e vitrais;I;Risco baixo, irrelevante ou inexistente;I;I;Risco baixo, irrelevante ou inexistente;Sim;28;Não
4679-6/04;4679604;G;Comércio e reparação de veículos;46;467;4679-6;04;Comércio atacadista especializado de materiais de construção não especificados anteriormente;I;Risco baixo, irrelevante ou inexistente;I;I;Risco baixo, irrelevante ou inexistente;Sim;28;Não
4679-6/99;4679699;G;Comércio e reparação de veículos;46;467;4679-6;99;Comércio atacadista de materiais de construção em geral;I;Risco baixo, irrelevante ou inexistente;II;II ou III;Risco médio ou moderado, ou risco alto;Não;46;Não
4681-8/01;4681801;G;Comércio e reparação de veículos;46;468;4681-8;01;Comércio atacadista de álcool carburante, biodiesel, gasolina e demais derivados de petróleo, exceto lubrificantes, não realizado por transportador retalhista (TRR);III;Risco alto;II;II ou III;Risco médio ou moderado, ou risco alto;Não;38;Não
4681-8/02;4681802;G;Comércio e reparação de veículos;46;468;4681-8;02;Comércio atacadista de combustíveis realizado por transportador retalhista (TRR);III;Risco alto;II;II ou III;Risco médio ou moderado, ou risco alto;Não;38;Não
4681-8/03;4681803;G;Comércio e reparação de veículos;46;468;4681-8;03;Comércio atacadista de combustíveis de origem vegetal, exceto álcool carburante;II;Risco médio ou moderado;II;II ou III;Risco médio ou moderado, ou risco alto;Não;38;Não
4681-8/04;4681804;G;Comércio e reparação de veículos;46;468;4681-8;04;Comércio atacadista de combustíveis de origem mineral em bruto;III;Risco alto;II;II ou III;Risco médio ou moderado, ou risco alto;Não;38;Não
4681-8/05;4681805;G;Comércio e reparação de veículos;46;468;4681-8;05;Comércio atacadista de lubrificantes;II;Risco médio ou moderado;II;II ou III;Risco médio ou moderado, ou risco alto;Não;38;Não
4682-6/00;4682600;G;Comércio e reparação de veículos;46;468;4682-6;00;Comércio atacadista de gás liqüefeito de petróleo (GLP);III;Risco alto;II;II ou III;Risco médio ou moderado, ou risco alto;Não;46;Não
4683-4/00;4683400;G;Comércio e reparação de veículos;46;468;4683-4;00;Comércio atacadista de defensivos agrícolas, adubos, fertilizantes e corretivos do solo;II;Risco médio ou moderado;II;II ou III;Risco médio ou moderado, ou risco alto;Não;46;Não
4684-2/01;4684201;G;Comércio e reparação de veículos;46;468;4684-2;01;Comércio atacadista de resinas e elastômeros;II;Risco médio ou moderado;II;II ou III;Risco médio ou moderado, ou risco alto;Não;38;Não
4684-2/02;4684202;G;Comércio e reparação de veículos;46;468;4684-2;02;Comércio atacadista de solventes;II;Risco médio ou moderado;II;II ou III;Risco médio ou moderado, ou risco alto;Não;46;Não
4684-2/99;4684299;G;Comércio e reparação de veículos;46;468;4684-2;99;Comércio atacadista de outros produtos químicos e petroquímicos não especificados anteriormente;II;Risco médio ou moderado;II;II ou III;Risco médio ou moderado, ou risco alto;Não;46;Não
4685-1/00;4685100;G;Comércio e reparação de veículos;46;468;4685-1;00;Comércio atacadista de produtos siderúrgicos e metalúrgicos, exceto para construção;I;Risco baixo, irrelevante ou inexistente;I;I;Risco baixo, irrelevante ou inexistente;Sim;28;Não
4686-9/01;4686901;G;Comércio e reparação de veículos;46;468;4686-9;01;Comércio atacadista de papel e papelão em bruto;I;Risco baixo, irrelevante ou inexistente;I;I;Risco baixo, irrelevante ou inexistente;Sim;28;Não
4686-9/02;4686902;G;Comércio e reparação de veículos;46;468;4686-9;02;Comércio atacadista de embalagens;I;Risco baixo, irrelevante ou inexistente;I;I;Risco baixo, irrelevante ou inexistente;Sim;28;Não
4687-7/01;4687701;G;Comércio e reparação de veículos;46;468;4687-7;01;Comércio atacadista de resíduos de papel e papelão;I;Risco baixo, irrelevante ou inexistente;I;I;Risco baixo, irrelevante ou inexistente;Sim;28;Não
4687-7/02;4687702;G;Comércio e reparação de veículos;46;468;4687-7;02;Comércio atacadista de resíduos e sucatas não-metálicos, exceto de papel e papelão;I;Risco baixo, irrelevante ou inexistente;I;I;Risco baixo, irrelevante ou inexistente;Sim;28;Não
4687-7/03;4687703;G;Comércio e reparação de veículos;46;468;4687-7;03;Comércio atacadista de resíduos e sucatas metálicos;I;Risco baixo, irrelevante ou inexistente;II;II ou III;Risco médio ou moderado, ou risco alto;Não;46;Não
4689-3/01;4689301;G;Comércio e reparação de veículos;46;468;4689-3;01;Comércio atacadista de produtos da extração mineral, exceto combustíveis;I;Risco baixo, irrelevante ou inexistente;I;I;Risco baixo, irrelevante ou inexistente;Sim;28;Não
4689-3/02;4689302;G;Comércio e reparação de veículos;46;468;4689-3;02;Comércio atacadista de fios e fibras têxteis beneficiados *;I;Risco baixo, irrelevante ou inexistente;I;I;Risco baixo, irrelevante ou inexistente;Sim;28;Não
4689-3/99;4689399;G;Comércio e reparação de veículos;46;468;4689-3;99;Comércio atacadista especializado em outros produtos intermediários não especificados anteriormente;I;Risco baixo, irrelevante ou inexistente;I;I;Risco baixo, irrelevante ou inexistente;Sim;28;Não
4691-5/00;4691500;G;Comércio e reparação de veículos;46;469;4691-5;00;Comércio atacadista de mercadorias em geral, com predominância de produtos alimentícios;I;Risco baixo, irrelevante ou inexistente;II;II ou III;Risco médio ou moderado, ou risco alto;Não;41;Não
4692-3/00;4692300;G;Comércio e reparação de veículos;46;469;4692-3;00;Comércio atacadista de mercadorias em geral, com predominância de insumos agropecuários;I;Risco baixo, irrelevante ou inexistente;I;I;Risco baixo, irrelevante ou inexistente;Sim;29;Não
4693-1/00;4693100;G;Comércio e reparação de veículos;46;469;4693-1;00;Comércio atacadista de mercadorias em geral, sem predominância de alimentos ou de insumos agropecuários;I;Risco baixo, irrelevante ou inexistente;I;I;Risco baixo, irrelevante ou inexistente;Sim;29;Não
4711-3/01;4711301;G;Comércio e reparação de veículos;47;471;4711-3;01;Comércio varejista de mercadorias em geral, com predominância de produtos alimentícios -hipermercados;I;Risco baixo, irrelevante ou inexistente;II;II ou III;Risco médio ou moderado, ou risco alto;Não;46;Não
4711-3/02;4711302;G;Comércio e reparação de veículos;47;471;4711-3;02;Comércio varejista de mercadorias em geral, com predominância de produtos alimentícios -supermercado s;I;Risco baixo, irrelevante ou inexistente;II;II ou III;Risco médio ou moderado, ou risco alto;Não;46;Não
4712-1/00;4712100;G;Comércio e reparação de veículos;47;471;4712-1;00;Comércio varejista de mercadorias em geral, com predominância de produtos alimentícios -minimercados, mercearias e armazéns;I;Risco baixo, irrelevante ou inexistente;II;II ou III;Risco médio ou moderado, ou risco alto;Não;41;Não
4713-0/01;4713001;G;Comércio e reparação de veículos;47;471;4713-0;01;Lojas de departamento s ou magazines;I;Risco baixo, irrelevante ou inexistente;I;I;Risco baixo, irrelevante ou inexistente;Sim;29;Não
4713-0/02;4713002;G;Comércio e reparação de veículos;47;471;4713-0;02;Lojas de variedades, exceto lojas de departamento s ou magazines;I;Risco baixo, irrelevante ou inexistente;I;I;Risco baixo, irrelevante ou inexistente;Sim;29;Não
4713-0/03;4713003;G;Comércio e reparação de veículos;47;471;4713-0;03;Lojas duty free de aeroportos internacionais;I;Risco baixo, irrelevante ou inexistente;I;I;Risco baixo, irrelevante ou inexistente;Sim;29;Não
4713-0/04;4713004;G;Comércio e reparação de veículos;47;471;4713-0;04;Lojas de departamento s ou magazines, exceto lojas francas (Duty free);I;Risco baixo, irrelevante ou inexistente;I;I;Risco baixo, irrelevante ou inexistente;Sim;29;Não
4713-0/05;4713005;G;Comércio e reparação de veículos;47;471;4713-0;05;Lojas francas (Duty Free) de aeroportos, portos e em fronteiras terrestres;I;Risco baixo, irrelevante ou inexistente;I;I;Risco baixo, irrelevante ou inexistente;Sim;29;Não
4721-1/02;4721102;G;Comércio e reparação de veículos;47;472;4721-1;02;Padaria e confeitaria com predominância de revenda;I;Risco baixo, irrelevante ou inexistente;II;II ou III;Risco médio ou moderado, ou risco alto;Não;41;Não
4721-1/03;4721103;G;Comércio e reparação de veículos;47;472;4721-1;03;Comércio varejista de laticínios e frios;I;Risco baixo, irrelevante ou inexistente;II;II ou III;Risco médio ou moderado, ou risco alto;Não;41;Não
4721-1/04;4721104;G;Comércio e reparação de veículos;47;472;4721-1;04;Comércio varejista de doces, balas, bombons e semelhantes;I;Risco baixo, irrelevante ou inexistente;II;II ou III;Risco médio ou moderado, ou risco alto;Não;41;Não
4722-9/01;4722901;G;Comércio e reparação de veículos;47;472;4722-9;01;Comércio varejista de carnes -açougues;I;Risco baixo, irrelevante ou inexistente;II;II ou III;Risco médio ou moderado, ou risco alto;Não;41;Não
4722-9/02;4722902;G;Comércio e reparação de veículos;47;472;4722-9;02;Peixaria;I;Risco baixo, irrelevante ou inexistente;II;II ou III;Risco médio ou moderado, ou risco alto;Não;41;Não
4723-7/00;4723700;G;Comércio e reparação de veículos;47;472;4723-7;00;Comércio varejista de bebidas;I;Risco baixo, irrelevante ou inexistente;II;II ou III;Risco médio ou moderado, ou risco alto;Não;41;Não
4724-5/00;4724500;G;Comércio e reparação de veículos;47;472;4724-5;00;Comércio varejista de hortifrutigranjei ros;I;Risco baixo, irrelevante ou inexistente;II;II ou III;Risco médio ou moderado, ou risco alto;Não;41;Não
4729-6/01;4729601;G;Comércio e reparação de veículos;47;472;4729-6;01;Tabacaria;I;Risco baixo, irrelevante ou inexistente;I;I;Risco baixo, irrelevante ou inexistente;Sim;29;Não
4729-6/02;4729602;G;Comércio e reparação de veículos;47;472;4729-6;02;Comércio varejista de mercadorias em lojas de conveniência;I;Risco baixo, irrelevante ou inexistente;I;I;Risco baixo, irrelevante ou inexistente;Sim;29;Não
4729-6/99;4729699;G;Comércio e reparação de veículos;47;472;4729-6;99;Comércio varejista de produtos alimentícios em geral ou especializado em produtos alimentícios não especificados anteriormente;I;Risco baixo, irrelevante ou inexistente;II;II ou III;Risco médio ou moderado, ou risco alto;Não;41;Não
4731-8/00;4731800;G;Comércio e reparação de veículos;47;473;4731-8;00;Comércio varejista de combustíveis para veículos automotores;III;Risco alto;II;II ou III;Risco médio ou moderado, ou risco alto;Não;46;Não
4732-6/00;4732600;G;Comércio e reparação de veículos;47;473;4732-6;00;Comércio varejista de lubrificantes;I;Risco baixo, irrelevante ou inexistente;II;II ou III;Risco médio ou moderado, ou risco alto;Não;46;Não
4741-5/00;4741500;G;Comércio e reparação de veículos;47;474;4741-5;00;Comércio varejista de tintas e materiais para pintura;I;Risco baixo, irrelevante ou inexistente;I;I;Risco baixo, irrelevante ou inexistente;Sim;29;Não
4742-3/00;4742300;G;Comércio e reparação de veículos;47;474;4742-3;00;Comércio varejista de material elétrico;I;Risco baixo, irrelevante ou inexistente;I;I;Risco baixo, irrelevante ou inexistente;Sim;29;Não
4743-1/00;4743100;G;Comércio e reparação de veículos;47;474;4743-1;00;Comércio varejista de vidros;I;Risco baixo, irrelevante ou inexistente;I;I;Risco baixo, irrelevante ou inexistente;Sim;29;Não
4744-0/01;4744001;G;Comércio e reparação de veículos;47;474;4744-0;01;Comércio varejista de ferragens e ferramentas;I;Risco baixo, irrelevante ou inexistente;I;I;Risco baixo, irrelevante ou inexistente;Sim;29;Não
4744-0/02;4744002;G;Comércio e reparação de veículos;47;474;4744-0;02;Comércio varejista de madeira e artefatos;I;Risco baixo, irrelevante ou inexistente;I;I;Risco baixo, irrelevante ou inexistente;Sim;29;Não
4744-0/03;4744003;G;Comércio e reparação de veículos;47;474;4744-0;03;Comércio varejista de materiais hidráulicos;I;Risco baixo, irrelevante ou inexistente;I;I;Risco baixo, irrelevante ou inexistente;Sim;29;Não
4744-0/04;4744004;G;Comércio e reparação de veículos;47;474;4744-0;04;Comércio varejista de cal, areia, pedra britada, tijolos e telhas;I;Risco baixo, irrelevante ou inexistente;I;I;Risco baixo, irrelevante ou inexistente;Sim;29;Não
4744-0/05;4744005;G;Comércio e reparação de veículos;47;474;4744-0;05;Comércio varejista de materiais de construção não especificados anteriormente;I;Risco baixo, irrelevante ou inexistente;I;I;Risco baixo, irrelevante ou inexistente;Sim;29;Não
4744-0/06;4744006;G;Comércio e reparação de veículos;47;474;4744-0;06;Comércio varejista de pedras para revestimento;I;Risco baixo, irrelevante ou inexistente;I;I;Risco baixo, irrelevante ou inexistente;Sim;29;Não
4744-0/99;4744099;G;Comércio e reparação de veículos;47;474;4744-0;99;Comércio varejista de materiais de construção em geral;I;Risco baixo, irrelevante ou inexistente;II;II ou III;Risco médio ou moderado, ou risco alto;Não;46;Não
4751-2/01;4751201;G;Comércio e reparação de veículos;47;475;4751-2;01;Comércio varejista especializado de equipamentos e suprimentos de informática;I;Risco baixo, irrelevante ou inexistente;I;I;Risco baixo, irrelevante ou inexistente;Sim;29;Não
4751-2/02;4751202;G;Comércio e reparação de veículos;47;475;4751-2;02;Recarga de cartuchos para equipamentos de informática;I;Risco baixo, irrelevante ou inexistente;I;I;Risco baixo, irrelevante ou inexistente;Sim;29;Não
4752-1/00;4752100;G;Comércio e reparação de veículos;47;475;4752-1;00;Comércio varejista especializado de equipamentos de telefonia e comunicação;I;Risco baixo, irrelevante ou inexistente;I;I;Risco baixo, irrelevante ou inexistente;Sim;29;Não
4753-9/00;4753900;G;Comércio e reparação de veículos;47;475;4753-9;00;Comércio varejista especializado de eletrodoméstic os e equipamentos de áudio e vídeo;I;Risco baixo, irrelevante ou inexistente;I;I;Risco baixo, irrelevante ou inexistente;Sim;29;Não
4754-7/01;4754701;G;Comércio e reparação de veículos;47;475;4754-7;01;Comércio varejista de móveis;I;Risco baixo, irrelevante ou inexistente;I;I;Risco baixo, irrelevante ou inexistente;Sim;29;Não
4754-7/02;4754702;G;Comércio e reparação de veículos;47;475;4754-7;02;Comércio varejista de artigos de colchoaria;I;Risco baixo, irrelevante ou inexistente;I;I;Risco baixo, irrelevante ou inexistente;Sim;29;Não
4754-7/03;4754703;G;Comércio e reparação de veículos;47;475;4754-7;03;Comércio varejista de artigos de iluminação;I;Risco baixo, irrelevante ou inexistente;I;I;Risco baixo, irrelevante ou inexistente;Sim;29;Não
4755-5/01;4755501;G;Comércio e reparação de veículos;47;475;4755-5;01;Comércio varejista de tecidos;I;Risco baixo, irrelevante ou inexistente;I;I;Risco baixo, irrelevante ou inexistente;Sim;29;Não
4755-5/02;4755502;G;Comércio e reparação de veículos;47;475;4755-5;02;Comercio varejista de artigos de armarinho;I;Risco baixo, irrelevante ou inexistente;I;I;Risco baixo, irrelevante ou inexistente;Sim;29;Não
4755-5/03;4755503;G;Comércio e reparação de veículos;47;475;4755-5;03;Comercio varejista de artigos de cama, mesa e banho;I;Risco baixo, irrelevante ou inexistente;I;I;Risco baixo, irrelevante ou inexistente;Sim;29;Não
4756-3/00;4756300;G;Comércio e reparação de veículos;47;475;4756-3;00;Comércio varejista especializado de instrumentos musicais e acessórios;I;Risco baixo, irrelevante ou inexistente;I;I;Risco baixo, irrelevante ou inexistente;Sim;29;Não
4757-1/00;4757100;G;Comércio e reparação de veículos;47;475;4757-1;00;Comércio varejista especializado de peças e acessórios para aparelhos eletroeletrônic os para uso doméstico, exceto informática e comunicação;I;Risco baixo, irrelevante ou inexistente;I;I;Risco baixo, irrelevante ou inexistente;Sim;29;Não
4759-8/01;4759801;G;Comércio e reparação de veículos;47;475;4759-8;01;Comércio varejista de artigos de tapeçaria, cortinas e persianas;I;Risco baixo, irrelevante ou inexistente;I;I;Risco baixo, irrelevante ou inexistente;Sim;29;Não
4759-8/99;4759899;G;Comércio e reparação de veículos;47;475;4759-8;99;Comércio varejista de outros artigos de uso doméstico não especificados anteriormente;I;Risco baixo, irrelevante ou inexistente;I;I;Risco baixo, irrelevante ou inexistente;Sim;29;Não
4761-0/01;4761001;G;Comércio e reparação de veículos;47;476;4761-0;01;Comércio varejista de livros;I;Risco baixo, irrelevante ou inexistente;I;I;Risco baixo, irrelevante ou inexistente;Sim;29;Não
4761-0/02;4761002;G;Comércio e reparação de veículos;47;476;4761-0;02;Comércio varejista de jornais e revistas;I;Risco baixo, irrelevante ou inexistente;I;I;Risco baixo, irrelevante ou inexistente;Sim;29;Não
4761-0/03;4761003;G;Comércio e reparação de veículos;47;476;4761-0;03;Comércio varejista de artigos de papelaria;I;Risco baixo, irrelevante ou inexistente;I;I;Risco baixo, irrelevante ou inexistente;Sim;29;Não
4762-8/00;4762800;G;Comércio e reparação de veículos;47;476;4762-8;00;Comércio varejista de discos, CDs, DVDs e fitas;I;Risco baixo, irrelevante ou inexistente;I;I;Risco baixo, irrelevante ou inexistente;Sim;29;Não
4763-6/01;4763601;G;Comércio e reparação de veículos;47;476;4763-6;01;Comércio varejista de brinquedos e artigos recreativos;I;Risco baixo, irrelevante ou inexistente;I;I;Risco baixo, irrelevante ou inexistente;Sim;29;Não
4763-6/02;4763602;G;Comércio e reparação de veículos;47;476;4763-6;02;Comércio varejista de artigos esportivos;I;Risco baixo, irrelevante ou inexistente;I;I;Risco baixo, irrelevante ou inexistente;Sim;29;Não
4763-6/03;4763603;G;Comércio e reparação de veículos;47;476;4763-6;03;"Comércio varejista de bicicletas e triciclos; peças e acessórios";I;Risco baixo, irrelevante ou inexistente;I;I;Risco baixo, irrelevante ou inexistente;Sim;29;Não
4763-6/04;4763604;G;Comércio e reparação de veículos;47;476;4763-6;04;Comércio varejista de artigos de caça, pesca e camping;I;Risco baixo, irrelevante ou inexistente;I;I;Risco baixo, irrelevante ou inexistente;Sim;29;Não
4763-6/05;4763605;G;Comércio e reparação de veículos;47;476;4763-6;05;"Comércio varejista de embarcações e outros veículos recreativos; peças e acessórios";I;Risco baixo, irrelevante ou inexistente;I;I;Risco baixo, irrelevante ou inexistente;Sim;30;Não
4771-7/01;4771701;G;Comércio e reparação de veículos;47;477;4771-7;01;Comércio varejista de produtos farmacêuticos, sem manipulação de fórmulas;I;Risco baixo, irrelevante ou inexistente;II;II ou III;Risco médio ou moderado, ou risco alto;Não;41;Não
4771-7/02;4771702;G;Comércio e reparação de veículos;47;477;4771-7;02;Comércio varejista de produtos farmacêuticos, com manipulação de fórmulas;I;Risco baixo, irrelevante ou inexistente;II;II ou III;Risco médio ou moderado, ou risco alto;Não;46;Não
4771-7/03;4771703;G;Comércio e reparação de veículos;47;477;4771-7;03;Comércio varejista de produtos farmacêuticos homeopáticos;I;Risco baixo, irrelevante ou inexistente;II;II ou III;Risco médio ou moderado, ou risco alto;Não;41;Não
4771-7/04;4771704;G;Comércio e reparação de veículos;47;477;4771-7;04;Comércio varejista de medicamentos veterinários;I;Risco baixo, irrelevante ou inexistente;I;I;Risco baixo, irrelevante ou inexistente;Sim;30;Não
4772-5/00;4772500;G;Comércio e reparação de veículos;47;477;4772-5;00;Comércio varejista de cosméticos, produtos de perfumaria e de higiene pessoal;I;Risco baixo, irrelevante ou inexistente;I;I;Risco baixo, irrelevante ou inexistente;Sim;30;Não
4773-3/00;4773300;G;Comércio e reparação de veículos;47;477;4773-3;00;Comércio varejista de artigos médicos e ortopédicos;I;Risco baixo, irrelevante ou inexistente;II;II ou III;Risco médio ou moderado, ou risco alto;Não;41;Não
4774-1/00;4774100;G;Comércio e reparação de veículos;47;477;4774-1;00;Comércio varejista de artigos de óptica;I;Risco baixo, irrelevante ou inexistente;I;I;Risco baixo, irrelevante ou inexistente;Sim;30;Não
4781-4/00;4781400;G;Comércio e reparação de veículos;47;478;4781-4;00;Comércio varejista de artigos do vestuário e acessórios;I;Risco baixo, irrelevante ou inexistente;I;I;Risco baixo, irrelevante ou inexistente;Sim;30;Não
4782-2/01;4782201;G;Comércio e reparação de veículos;47;478;4782-2;01;Comércio varejista de calçados;I;Risco baixo, irrelevante ou inexistente;I;I;Risco baixo, irrelevante ou inexistente;Sim;30;Não
4782-2/02;4782202;G;Comércio e reparação de veículos;47;478;4782-2;02;Comércio varejista de artigos de viagem;I;Risco baixo, irrelevante ou inexistente;I;I;Risco baixo, irrelevante ou inexistente;Sim;30;Não
4783-1/01;4783101;G;Comércio e reparação de veículos;47;478;4783-1;01;Comércio varejista de artigos de joalheria;I;Risco baixo, irrelevante ou inexistente;I;I;Risco baixo, irrelevante ou inexistente;Sim;30;Não
4783-1/02;4783102;G;Comércio e reparação de veículos;47;478;4783-1;02;Comércio varejista de artigos de relojoaria;I;Risco baixo, irrelevante ou inexistente;I;I;Risco baixo, irrelevante ou inexistente;Sim;30;Não
4784-9/00;4784900;G;Comércio e reparação de veículos;47;478;4784-9;00;Comércio varejista de gás liqüefeito de petróleo (GLP);III;Risco alto;II;II ou III;Risco médio ou moderado, ou risco alto;Não;46;Não
4785-7/01;4785701;G;Comércio e reparação de veículos;47;478;4785-7;01;Comércio varejista de antigüidades;I;Risco baixo, irrelevante ou inexistente;I;I;Risco baixo, irrelevante ou inexistente;Sim;30;Não
4785-7/99;4785799;G;Comércio e reparação de veículos;47;478;4785-7;99;Comércio varejista de outros artigos usados;I;Risco baixo, irrelevante ou inexistente;I;I;Risco baixo, irrelevante ou inexistente;Sim;30;Não
4789-0/01;4789001;G;Comércio e reparação de veículos;47;478;4789-0;01;Comércio varejista de suvenires, bijuterias e artesanatos;I;Risco baixo, irrelevante ou inexistente;I;I;Risco baixo, irrelevante ou inexistente;Sim;30;Não
4789-0/02;4789002;G;Comércio e reparação de veículos;47;478;4789-0;02;Comércio varejista de plantas e flores naturais;I;Risco baixo, irrelevante ou inexistente;I;I;Risco baixo, irrelevante ou inexistente;Sim;30;Não
4789-0/03;4789003;G;Comércio e reparação de veículos;47;478;4789-0;03;Comércio varejista de objetos de arte;I;Risco baixo, irrelevante ou inexistente;I;I;Risco baixo, irrelevante ou inexistente;Sim;30;Não
4789-0/04;4789004;G;Comércio e reparação de veículos;47;478;4789-0;04;Comércio varejista de animais vivos e de artigos e alimentos para animais de estimação;I;Risco baixo, irrelevante ou inexistente;I;I;Risco baixo, irrelevante ou inexistente;Sim;30;Não
4789-0/05;4789005;G;Comércio e reparação de veículos;47;478;4789-0;05;Comércio varejista de produtos saneantes domissanitário s;I;Risco baixo, irrelevante ou inexistente;I;I;Risco baixo, irrelevante ou inexistente;Sim;30;Não
4789-0/06;4789006;G;Comércio e reparação de veículos;47;478;4789-0;06;Comércio varejista de fogos de artifício e artigos pirotécnicos;III;Risco alto;II;II ou III;Risco médio ou moderado, ou risco alto;Não;38;Não
4789-0/07;4789007;G;Comércio e reparação de veículos;47;478;4789-0;07;Comércio varejista de equipamentos para escritório;I;Risco baixo, irrelevante ou inexistente;I;I;Risco baixo, irrelevante ou inexistente;Sim;30;Não
4789-0/08;4789008;G;Comércio e reparação de veículos;47;478;4789-0;08;Comércio varejista de artigos fotográficos e para filmagem;I;Risco baixo, irrelevante ou inexistente;I;I;Risco baixo, irrelevante ou inexistente;Sim;30;Não
4789-0/09;4789009;G;Comércio e reparação de veículos;47;478;4789-0;09;Comércio varejista de armas e munições;I;Risco baixo, irrelevante ou inexistente;I;I;Risco baixo, irrelevante ou inexistente;Sim;30;Não
4789-0/99;4789099;G;Comércio e reparação de veículos;47;478;4789-0;99;Comércio varejista de outros produtos não especificados anteriormente;I;Risco baixo, irrelevante ou inexistente;I;I;Risco baixo, irrelevante ou inexistente;Sim;30;Não
4911-6/00;4911600;H;Transporte, armazenagem e correio;49;491;4911-6;00;Transporte ferroviário de carga;I;Risco baixo, irrelevante ou inexistente;II;II ou III;Risco médio ou moderado, ou risco alto;Não;46;Não
4912-4/01;4912401;H;Transporte, armazenagem e correio;49;491;4912-4;01;Transporte ferroviário de passageiros intermunicipal e interestadual;I;Risco baixo, irrelevante ou inexistente;II;II ou III;Risco médio ou moderado, ou risco alto;Não;46;Não
4912-4/02;4912402;H;Transporte, armazenagem e correio;49;491;4912-4;02;Transporte ferroviário de passageiros municipal e em região metropolitana;I;Risco baixo, irrelevante ou inexistente;II;II ou III;Risco médio ou moderado, ou risco alto;Não;47;Não
4912-4/03;4912403;H;Transporte, armazenagem e correio;49;491;4912-4;03;Transporte metroviário;I;Risco baixo, irrelevante ou inexistente;II;II ou III;Risco médio ou moderado, ou risco alto;Não;47;Não
4921-3/01;4921301;H;Transporte, armazenagem e correio;49;492;4921-3;01;Transporte rodoviário coletivo de passageiros, com itinerário fixo, municipal;I;Risco baixo, irrelevante ou inexistente;II;II ou III;Risco médio ou moderado, ou risco alto;Não;47;Não
4921-3/02;4921302;H;Transporte, armazenagem e correio;49;492;4921-3;02;Transporte rodoviário coletivo de passageiros, com itinerário fixo, intermunicipal em região metropolitana;I;Risco baixo, irrelevante ou inexistente;II;II ou III;Risco médio ou moderado, ou risco alto;Não;47;Não
4922-1/01;4922101;H;Transporte, armazenagem e correio;49;492;4922-1;01;Transporte rodoviário coletivo de passageiros, com itinerário fixo, intermunicipal, exceto em região metropolitana;I;Risco baixo, irrelevante ou inexistente;II;II ou III;Risco médio ou moderado, ou risco alto;Não;47;Não
4922-1/02;4922102;H;Transporte, armazenagem e correio;49;492;4922-1;02;Transporte rodoviário coletivo de passageiros, com itinerário fixo, interestadual;I;Risco baixo, irrelevante ou inexistente;II;II ou III;Risco médio ou moderado, ou risco alto;Não;47;Não
4922-1/03;4922103;H;Transporte, armazenagem e correio;49;492;4922-1;03;Transporte rodoviário coletivo de passageiros, com itinerário fixo, internacional;I;Risco baixo, irrelevante ou inexistente;II;II ou III;Risco médio ou moderado, ou risco alto;Não;47;Não
4923-0/01;4923001;H;Transporte, armazenagem e correio;49;492;4923-0;01;Serviço de táxi;I;Risco baixo, irrelevante ou inexistente;I;I;Risco baixo, irrelevante ou inexistente;Sim;30;Não
4923-0/02;4923002;H;Transporte, armazenagem e correio;49;492;4923-0;02;Serviço de transporte de passageiros -locação de automóveis;I;Risco baixo, irrelevante ou inexistente;I;I;Risco baixo, irrelevante ou inexistente;Sim;30;Não
4924-8/00;4924800;H;Transporte, armazenagem e correio;49;492;4924-8;00;Transporte escolar;I;Risco baixo, irrelevante ou inexistente;I;I;Risco baixo, irrelevante ou inexistente;Sim;30;Não
4929-9/01;4929901;H;Transporte, armazenagem e correio;49;492;4929-9;01;Transporte rodoviário coletivo de passageiros, sob regime de fretamento, municipal;I;Risco baixo, irrelevante ou inexistente;I;I;Risco baixo, irrelevante ou inexistente;Sim;30;Não
4929-9/02;4929902;H;Transporte, armazenagem e correio;49;492;4929-9;02;Transporte rodoviário coletivo de passageiros, sob regime de fretamento, intermunicipal, interestadual e internacional;I;Risco baixo, irrelevante ou inexistente;I;I;Risco baixo, irrelevante ou inexistente;Sim;30;Não
4929-9/03;4929903;H;Transporte, armazenagem e correio;49;492;4929-9;03;Organização de excursões em veículos rodoviários próprios, municipal;I;Risco baixo, irrelevante ou inexistente;I;I;Risco baixo, irrelevante ou inexistente;Sim;30;Não
4929-9/04;4929904;H;Transporte, armazenagem e correio;49;492;4929-9;04;Organização de excursões em veículos rodoviários próprios, intermunicipal, interestadual e internacional;I;Risco baixo, irrelevante ou inexistente;I;I;Risco baixo, irrelevante ou inexistente;Sim;30;Não
4929-9/99;4929999;H;Transporte, armazenagem e correio;49;492;4929-9;99;Outros transportes rodoviários de passageiros não especificados anteriormente;I;Risco baixo, irrelevante ou inexistente;I;I;Risco baixo, irrelevante ou inexistente;Sim;30;Não
4930-2/01;4930201;H;Transporte, armazenagem e correio;49;493;4930-2;01;Transporte rodoviário de carga, exceto produtos perigosos e mudanças, municipal;I;Risco baixo, irrelevante ou inexistente;II;II ou III;Risco médio ou moderado, ou risco alto;Não;47;Não
4930-2/02;4930202;H;Transporte, armazenagem e correio;49;493;4930-2;02;Transporte rodoviário de carga, exceto produtos perigosos e mudanças, intermunicipal, interestadual e internacional;I;Risco baixo, irrelevante ou inexistente;II;II ou III;Risco médio ou moderado, ou risco alto;Não;47;Não
4930-2/03;4930203;H;Transporte, armazenagem e correio;49;493;4930-2;03;Transporte rodoviário de produtos perigosos;I;Risco baixo, irrelevante ou inexistente;II;II ou III;Risco médio ou moderado, ou risco alto;Não;47;Não
4930-2/04;4930204;H;Transporte, armazenagem e correio;49;493;4930-2;04;Transporte rodoviário de mudanças;I;Risco baixo, irrelevante ou inexistente;II;II ou III;Risco médio ou moderado, ou risco alto;Não;47;Não
4940-0/00;4940000;H;Transporte, armazenagem e correio;49;494;4940-0;00;Transporte dutoviário;I;Risco baixo, irrelevante ou inexistente;II;II ou III;Risco médio ou moderado, ou risco alto;Não;47;Não
4950-7/00;4950700;H;Transporte, armazenagem e correio;49;495;4950-7;00;Trens turísticos, teleféricos e similares;I;Risco baixo, irrelevante ou inexistente;II;II ou III;Risco médio ou moderado, ou risco alto;Não;47;Não
5011-4/01;5011401;H;Transporte, armazenagem e correio;50;501;5011-4;01;Transporte marítimo de cabotagem - Carga;I;Risco baixo, irrelevante ou inexistente;II;II ou III;Risco médio ou moderado, ou risco alto;Não;47;Não
5011-4/02;5011402;H;Transporte, armazenagem e correio;50;501;5011-4;02;Transporte marítimo de cabotagem -passageiros;I;Risco baixo, irrelevante ou inexistente;II;II ou III;Risco médio ou moderado, ou risco alto;Não;47;Não
5012-2/01;5012201;H;Transporte, armazenagem e correio;50;501;5012-2;01;Transporte marítimo de longo curso - Carga;I;Risco baixo, irrelevante ou inexistente;II;II ou III;Risco médio ou moderado, ou risco alto;Não;47;Não
5012-2/02;5012202;H;Transporte, armazenagem e correio;50;501;5012-2;02;Transporte marítimo de longo curso - Passageiros;I;Risco baixo, irrelevante ou inexistente;II;II ou III;Risco médio ou moderado, ou risco alto;Não;47;Não
5021-1/01;5021101;H;Transporte, armazenagem e correio;50;502;5021-1;01;Transporte por navegação interior de carga, municipal, exceto travessia;I;Risco baixo, irrelevante ou inexistente;II;II ou III;Risco médio ou moderado, ou risco alto;Não;47;Não
5021-1/02;5021102;H;Transporte, armazenagem e correio;50;502;5021-1;02;Transporte por navegação interior de carga, intermunicipal, interestadual e internacional, exceto travessia;I;Risco baixo, irrelevante ou inexistente;II;II ou III;Risco médio ou moderado, ou risco alto;Não;47;Não
5022-0/01;5022001;H;Transporte, armazenagem e correio;50;502;5022-0;01;Transporte por navegação interior de passageiros em linhas regulares, municipal, exceto travessia;I;Risco baixo, irrelevante ou inexistente;II;II ou III;Risco médio ou moderado, ou risco alto;Não;47;Não
5022-0/02;5022002;H;Transporte, armazenagem e correio;50;502;5022-0;02;Transporte por navegação interior de passageiros em linhas regulares, intermunicipal, interestadual e internacional, exceto travessia;I;Risco baixo, irrelevante ou inexistente;II;II ou III;Risco médio ou moderado, ou risco alto;Não;47;Não
5030-1/01;5030101;H;Transporte, armazenagem e correio;50;503;5030-1;01;Navegação de apoio marítimo;I;Risco baixo, irrelevante ou inexistente;II;II ou III;Risco médio ou moderado, ou risco alto;Não;47;Não
5030-1/02;5030102;H;Transporte, armazenagem e correio;50;503;5030-1;02;Navegação de apoio portuário;I;Risco baixo, irrelevante ou inexistente;II;II ou III;Risco médio ou moderado, ou risco alto;Não;47;Não
5030-1/03;5030103;H;Transporte, armazenagem e correio;50;503;5030-1;03;Serviços de rebocadores e empurradores;I;Risco baixo, irrelevante ou inexistente;II;II ou III;Risco médio ou moderado, ou risco alto;Não;47;Não
5091-2/01;5091201;H;Transporte, armazenagem e correio;50;509;5091-2;01;Transporte por navegação de travessia, municipal;I;Risco baixo, irrelevante ou inexistente;II;II ou III;Risco médio ou moderado, ou risco alto;Não;47;Não
5091-2/02;5091202;H;Transporte, armazenagem e correio;50;509;5091-2;02;Transporte por navegação de travessia intermunicipal, interestadual e internacional;I;Risco baixo, irrelevante ou inexistente;II;II ou III;Risco médio ou moderado, ou risco alto;Não;47;Não
5099-8/01;5099801;H;Transporte, armazenagem e correio;50;509;5099-8;01;Transporte aquaviário para passeios turísticos;I;Risco baixo, irrelevante ou inexistente;II;II ou III;Risco médio ou moderado, ou risco alto;Não;47;Não
5099-8/99;5099899;H;Transporte, armazenagem e correio;50;509;5099-8;99;Outros transportes aquaviários não especificados anteriormente;I;Risco baixo, irrelevante ou inexistente;II;II ou III;Risco médio ou moderado, ou risco alto;Não;47;Não
5111-1/00;5111100;H;Transporte, armazenagem e correio;51;511;5111-1;00;Transporte aéreo de passageiros regular;I;Risco baixo, irrelevante ou inexistente;II;II ou III;Risco médio ou moderado, ou risco alto;Não;47;Não
5112-9/01;5112901;H;Transporte, armazenagem e correio;51;511;5112-9;01;Serviço de táxi aéreo e locação de aeronaves com tripulação;I;Risco baixo, irrelevante ou inexistente;II;II ou III;Risco médio ou moderado, ou risco alto;Não;47;Não
5112-9/99;5112999;H;Transporte, armazenagem e correio;51;511;5112-9;99;Outros serviços de transporte aéreo de passageiros não-regular;I;Risco baixo, irrelevante ou inexistente;II;II ou III;Risco médio ou moderado, ou risco alto;Não;47;Não
5120-0/00;5120000;H;Transporte, armazenagem e correio;51;512;5120-0;00;Transporte aéreo de carga;I;Risco baixo, irrelevante ou inexistente;II;II ou III;Risco médio ou moderado, ou risco alto;Não;47;Não
5130-7/00;5130700;H;Transporte, armazenagem e correio;51;513;5130-7;00;Transporte espacial;I;Risco baixo, irrelevante ou inexistente;II;II ou III;Risco médio ou moderado, ou risco alto;Não;47;Não
5211-7/01;5211701;H;Transporte, armazenagem e correio;52;521;5211-7;01;Armazéns gerais -emissão de warrant;I;Risco baixo, irrelevante ou inexistente;II;II ou III;Risco médio ou moderado, ou risco alto;Não;47;Não
5211-7/02;5211702;H;Transporte, armazenagem e correio;52;521;5211-7;02;Guarda-móveis;I;Risco baixo, irrelevante ou inexistente;I;I;Risco baixo, irrelevante ou inexistente;Sim;30;Não
5211-7/99;5211799;H;Transporte, armazenagem e correio;52;521;5211-7;99;Depósitos de mercadorias para terceiros, exceto armazéns gerais e guarda-móveis;I;Risco baixo, irrelevante ou inexistente;II;II ou III;Risco médio ou moderado, ou risco alto;Não;48;Não
5212-5/00;5212500;H;Transporte, armazenagem e correio;52;521;5212-5;00;Carga e descarga;I;Risco baixo, irrelevante ou inexistente;II;II ou III;Risco médio ou moderado, ou risco alto;Não;48;Não
5221-4/00;5221400;H;Transporte, armazenagem e correio;52;522;5221-4;00;Concessionári as de rodovias, pontes, túneis e serviços relacionados;I;Risco baixo, irrelevante ou inexistente;I;I;Risco baixo, irrelevante ou inexistente;Sim;30;Não
5222-2/00;5222200;H;Transporte, armazenagem e correio;52;522;5222-2;00;Terminais rodoviários e ferroviários;I;Risco baixo, irrelevante ou inexistente;II;II ou III;Risco médio ou moderado, ou risco alto;Não;48;Não
5223-1/00;5223100;H;Transporte, armazenagem e correio;52;522;5223-1;00;Estacionament o de veículos;I;Risco baixo, irrelevante ou inexistente;I;I;Risco baixo, irrelevante ou inexistente;Sim;30;Não
5229-0/01;5229001;H;Transporte, armazenagem e correio;52;522;5229-0;01;Serviços de apoio ao transporte por táxi, inclusive centrais de chamada;I;Risco baixo, irrelevante ou inexistente;I;I;Risco baixo, irrelevante ou inexistente;Sim;30;Não
5229-0/02;5229002;H;Transporte, armazenagem e correio;52;522;5229-0;02;Serviços de reboque de veículos;I;Risco baixo, irrelevante ou inexistente;I;I;Risco baixo, irrelevante ou inexistente;Sim;30;Não
5229-0/99;5229099;H;Transporte, armazenagem e correio;52;522;5229-0;99;Outras atividades auxiliares dos transportes terrestres não especificadas anteriormente;I;Risco baixo, irrelevante ou inexistente;II;II ou III;Risco médio ou moderado, ou risco alto;Não;48;Não
5231-1/01;5231101;H;Transporte, armazenagem e correio;52;523;5231-1;01;Administração da infra-estrutura portuária;I;Risco baixo, irrelevante ou inexistente;I;I;Risco baixo, irrelevante ou inexistente;Sim;30;Não
5231-1/02;5231102;H;Transporte, armazenagem e correio;52;523;5231-1;02;Atividades do Operador portuário;I;Risco baixo, irrelevante ou inexistente;I;I;Risco baixo, irrelevante ou inexistente;Sim;30;Não
5231-1/03;5231103;H;Transporte, armazenagem e correio;52;523;5231-1;03;Gestão de terminais aquaviários;I;Risco baixo, irrelevante ou inexistente;I;I;Risco baixo, irrelevante ou inexistente;Sim;30;Não
5232-0/00;5232000;H;Transporte, armazenagem e correio;52;523;5232-0;00;Atividades de agenciamento marítimo;I;Risco baixo, irrelevante ou inexistente;I;I;Risco baixo, irrelevante ou inexistente;Sim;30;Não
5239-7/01;5239701;H;Transporte, armazenagem e correio;52;523;5239-7;01;Serviços de praticagem;I;Risco baixo, irrelevante ou inexistente;I;I;Risco baixo, irrelevante ou inexistente;Sim;30;Não
5239-7/99;5239799;H;Transporte, armazenagem e correio;52;523;5239-7;99;Atividades auxiliares dos transportes aquaviários não especificadas anteriormente;I;Risco baixo, irrelevante ou inexistente;I;I;Risco baixo, irrelevante ou inexistente;Sim;30;Não
5240-1/01;5240101;H;Transporte, armazenagem e correio;52;524;5240-1;01;Operação dos aeroportos e campos de aterrissagem;I;Risco baixo, irrelevante ou inexistente;II;II ou III;Risco médio ou moderado, ou risco alto;Não;48;Não
5240-1/99;5240199;H;Transporte, armazenagem e correio;52;524;5240-1;99;Atividades auxiliares dos transportes aéreos, exceto operação dos aeroportos e campos de aterrissagem;I;Risco baixo, irrelevante ou inexistente;I;I;Risco baixo, irrelevante ou inexistente;Sim;30;Não
5250-8/01;5250801;H;Transporte, armazenagem e correio;52;525;5250-8;01;Comissaria de despachos;I;Risco baixo, irrelevante ou inexistente;I;I;Risco baixo, irrelevante ou inexistente;Sim;31;Não
5250-8/02;5250802;H;Transporte, armazenagem e correio;52;525;5250-8;02;Atividades de despachantes aduaneiros;I;Risco baixo, irrelevante ou inexistente;I;I;Risco baixo, irrelevante ou inexistente;Sim;31;Não
5250-8/03;5250803;H;Transporte, armazenagem e correio;52;525;5250-8;03;Agenciamento de cargas, exceto para o transporte marítimo;I;Risco baixo, irrelevante ou inexistente;I;I;Risco baixo, irrelevante ou inexistente;Sim;31;Não
5250-8/04;5250804;H;Transporte, armazenagem e correio;52;525;5250-8;04;Organização logística do transporte de carga;I;Risco baixo, irrelevante ou inexistente;I;I;Risco baixo, irrelevante ou inexistente;Sim;31;Não
5250-8/05;5250805;H;Transporte, armazenagem e correio;52;525;5250-8;05;Operador de transporte multimodal - OTM;I;Risco baixo, irrelevante ou inexistente;I;I;Risco baixo, irrelevante ou inexistente;Sim;31;Não
5310-5/01;5310501;H;Transporte, armazenagem e correio;53;531;5310-5;01;Atividades do Correio Nacional;I;Risco baixo, irrelevante ou inexistente;I;I;Risco baixo, irrelevante ou inexistente;Sim;31;Não
5310-5/02;5310502;H;Transporte, armazenagem e correio;53;531;5310-5;02;Atividades de franqueadas e permissionária s do Correio Nacional;I;Risco baixo, irrelevante ou inexistente;I;I;Risco baixo, irrelevante ou inexistente;Sim;31;Não
5320-2/01;5320201;H;Transporte, armazenagem e correio;53;532;5320-2;01;Serviços de malote não realizados pelo Correio Nacional;I;Risco baixo, irrelevante ou inexistente;I;I;Risco baixo, irrelevante ou inexistente;Sim;31;Não
5320-2/02;5320202;H;Transporte, armazenagem e correio;53;532;5320-2;02;Serviços de entrega rápida;I;Risco baixo, irrelevante ou inexistente;I;I;Risco baixo, irrelevante ou inexistente;Sim;31;Não
5510-8/01;5510801;I;Alojamento e alimentação;55;551;5510-8;01;Hotéis;I;Risco baixo, irrelevante ou inexistente;II;II ou III;Risco médio ou moderado, ou risco alto;Não;48;Não
5510-8/02;5510802;I;Alojamento e alimentação;55;551;5510-8;02;Apart-hotéis;I;Risco baixo, irrelevante ou inexistente;II;II ou III;Risco médio ou moderado, ou risco alto;Não;48;Não
5510-8/03;5510803;I;Alojamento e alimentação;55;551;5510-8;03;Motéis;I;Risco baixo, irrelevante ou inexistente;II;II ou III;Risco médio ou moderado, ou risco alto;Não;48;Não
5590-6/01;5590601;I;Alojamento e alimentação;55;559;5590-6;01;Albergues, exceto assistenciais;I;Risco baixo, irrelevante ou inexistente;II;II ou III;Risco médio ou moderado, ou risco alto;Não;48;Não
5590-6/02;5590602;I;Alojamento e alimentação;55;559;5590-6;02;Campings;I;Risco baixo, irrelevante ou inexistente;II;II ou III;Risco médio ou moderado, ou risco alto;Não;48;Não
5590-6/03;5590603;I;Alojamento e alimentação;55;559;5590-6;03;Pensões;I;Risco baixo, irrelevante ou inexistente;II;II ou III;Risco médio ou moderado, ou risco alto;Não;48;Não
5590-6/99;5590699;I;Alojamento e alimentação;55;559;5590-6;99;Outros alojamentos não especificados anteriormente;I;Risco baixo, irrelevante ou inexistente;II;II ou III;Risco médio ou moderado, ou risco alto;Não;48;Não
5611-2/01;5611201;I;Alojamento e alimentação;56;561;5611-2;01;Restaurantes e similares;I;Risco baixo, irrelevante ou inexistente;II;II ou III;Risco médio ou moderado, ou risco alto;Não;41;Não
5611-2/02;5611202;I;Alojamento e alimentação;56;561;5611-2;02;Bares e outros estabelecimen tos especializados em servir bebidas;I;Risco baixo, irrelevante ou inexistente;II;II ou III;Risco médio ou moderado, ou risco alto;Não;41;Não
5611-2/03;5611203;I;Alojamento e alimentação;56;561;5611-2;03;Lanchonetes, casas de chá, de sucos e similares;I;Risco baixo, irrelevante ou inexistente;II;II ou III;Risco médio ou moderado, ou risco alto;Não;41;Não
5611-2/04;5611204;I;Alojamento e alimentação;56;561;5611-2;04;Bares e outros estabelecimen tos especializados em servir bebidas, sem entreteniment o;I;Risco baixo, irrelevante ou inexistente;I;I;Risco baixo, irrelevante ou inexistente;Sim;31;Não
5611-2/05;5611205;I;Alojamento e alimentação;56;561;5611-2;05;Bares e outros estabelecimen tos especializados em servir bebidas, com entreteniment o;I;Risco baixo, irrelevante ou inexistente;I;I;Risco baixo, irrelevante ou inexistente;Sim;31;Não
5612-1/00;5612100;I;Alojamento e alimentação;56;561;5612-1;00;Serviços ambulantes de alimentação;I;Risco baixo, irrelevante ou inexistente;I;I;Risco baixo, irrelevante ou inexistente;Sim;31;Não
5620-1/01;5620101;I;Alojamento e alimentação;56;562;5620-1;01;Fornecimento de alimentos preparados preponderante mente para empresas;I;Risco baixo, irrelevante ou inexistente;II;II ou III;Risco médio ou moderado, ou risco alto;Não;41;Não
5620-1/02;5620102;I;Alojamento e alimentação;56;562;5620-1;02;Serviços de alimentação para eventos e recepções -bufê;I;Risco baixo, irrelevante ou inexistente;II;II ou III;Risco médio ou moderado, ou risco alto;Não;41;Não
5620-1/03;5620103;I;Alojamento e alimentação;56;562;5620-1;03;Cantinas -serviços de alimentação privativos;I;Risco baixo, irrelevante ou inexistente;II;II ou III;Risco médio ou moderado, ou risco alto;Não;41;Não
5620-1/04;5620104;I;Alojamento e alimentação;56;562;5620-1;04;Fornecimento de alimentos preparados preponderante mente para consumo domiciliar;I;Risco baixo, irrelevante ou inexistente;II;II ou III;Risco médio ou moderado, ou risco alto;Não;41;Não
5811-5/00;5811500;J;Informação e comunicação;58;581;5811-5;00;Edição de livros;I;Risco baixo, irrelevante ou inexistente;I;I;Risco baixo, irrelevante ou inexistente;Sim;31;Não
5812-3/01;5812301;J;Informação e comunicação;58;581;5812-3;01;Edição de jornais diários;I;Risco baixo, irrelevante ou inexistente;I;I;Risco baixo, irrelevante ou inexistente;Sim;31;Não
5812-3/02;5812302;J;Informação e comunicação;58;581;5812-3;02;Edição de jornais não diários;I;Risco baixo, irrelevante ou inexistente;I;I;Risco baixo, irrelevante ou inexistente;Sim;31;Não
5813-1/00;5813100;J;Informação e comunicação;58;581;5813-1;00;Edição de revistas;I;Risco baixo, irrelevante ou inexistente;I;I;Risco baixo, irrelevante ou inexistente;Sim;31;Não
5819-1/00;5819100;J;Informação e comunicação;58;581;5819-1;00;Edição de cadastros, listas e de outros produtos gráficos;I;Risco baixo, irrelevante ou inexistente;I;I;Risco baixo, irrelevante ou inexistente;Sim;31;Não
5821-2/00;5821200;J;Informação e comunicação;58;582;5821-2;00;Edição integrada à impressão de livros;I;Risco baixo, irrelevante ou inexistente;I;I;Risco baixo, irrelevante ou inexistente;Sim;31;Não
5822-1/01;5822101;J;Informação e comunicação;58;582;5822-1;01;Edição integrada a impressão de jornais diários;I;Risco baixo, irrelevante ou inexistente;I;I;Risco baixo, irrelevante ou inexistente;Sim;31;Não
5822-1/02;5822102;J;Informação e comunicação;58;582;5822-1;02;Edição integrada a impressão de jornais não diários;I;Risco baixo, irrelevante ou inexistente;I;I;Risco baixo, irrelevante ou inexistente;Sim;31;Não
5823-9/00;5823900;J;Informação e comunicação;58;582;5823-9;00;Edição integrada à impressão de revistas;I;Risco baixo, irrelevante ou inexistente;I;I;Risco baixo, irrelevante ou inexistente;Sim;31;Não
5829-8/00;5829800;J;Informação e comunicação;58;582;5829-8;00;Edição integrada à impressão de cadastros, listas e de outros produtos;I;Risco baixo, irrelevante ou inexistente;I;I;Risco baixo, irrelevante ou inexistente;Sim;31;Não
5911-1/01;5911101;J;Informação e comunicação;59;591;5911-1;01;Estúdios cinematográfic os;I;Risco baixo, irrelevante ou inexistente;I;I;Risco baixo, irrelevante ou inexistente;Sim;31;Não
5911-1/02;5911102;J;Informação e comunicação;59;591;5911-1;02;Produção de filmes para publicidade;I;Risco baixo, irrelevante ou inexistente;I;I;Risco baixo, irrelevante ou inexistente;Sim;31;Não
5911-1/99;5911199;J;Informação e comunicação;59;591;5911-1;99;Atividades de produção cinematográfic a, de vídeos e de programas de televisão não especificadas anteriormente;I;Risco baixo, irrelevante ou inexistente;I;I;Risco baixo, irrelevante ou inexistente;Sim;31;Não
5912-0/01;5912001;J;Informação e comunicação;59;591;5912-0;01;Serviços de dublagem;I;Risco baixo, irrelevante ou inexistente;I;I;Risco baixo, irrelevante ou inexistente;Sim;31;Não
5912-0/02;5912002;J;Informação e comunicação;59;591;5912-0;02;Serviços de mixagem sonora;I;Risco baixo, irrelevante ou inexistente;I;I;Risco baixo, irrelevante ou inexistente;Sim;31;Não
5912-0/99;5912099;J;Informação e comunicação;59;591;5912-0;99;Atividades de pós-produção cinematográfic a, de vídeos e de programas de televisão não especificadas anteriormente;I;Risco baixo, irrelevante ou inexistente;I;I;Risco baixo, irrelevante ou inexistente;Sim;31;Não
5913-8/00;5913800;J;Informação e comunicação;59;591;5913-8;00;Distribuição cinematográfic a, de vídeo e de programas de televisão;I;Risco baixo, irrelevante ou inexistente;I;I;Risco baixo, irrelevante ou inexistente;Sim;31;Não
5914-6/00;5914600;J;Informação e comunicação;59;591;5914-6;00;Atividades de exibição cinematográfic a;I;Risco baixo, irrelevante ou inexistente;I;I;Risco baixo, irrelevante ou inexistente;Sim;31;Não
5920-1/00;5920100;J;Informação e comunicação;59;592;5920-1;00;Atividades de gravação de som e de edição de música;I;Risco baixo, irrelevante ou inexistente;I;I;Risco baixo, irrelevante ou inexistente;Sim;31;Não
6010-1/00;6010100;J;Informação e comunicação;60;601;6010-1;00;Atividades de rádio;I;Risco baixo, irrelevante ou inexistente;I;I;Risco baixo, irrelevante ou inexistente;Sim;31;Não
6021-7/00;6021700;J;Informação e comunicação;60;602;6021-7;00;Atividades de televisão aberta;I;Risco baixo, irrelevante ou inexistente;I;I;Risco baixo, irrelevante ou inexistente;Sim;31;Não
6022-5/01;6022501;J;Informação e comunicação;60;602;6022-5;01;Programadora s;I;Risco baixo, irrelevante ou inexistente;I;I;Risco baixo, irrelevante ou inexistente;Sim;31;Não
6022-5/02;6022502;J;Informação e comunicação;60;602;6022-5;02;Atividades relacionadas à televisão por assinatura, exceto programadora s;I;Risco baixo, irrelevante ou inexistente;I;I;Risco baixo, irrelevante ou inexistente;Sim;31;Não
6110-8/01;6110801;J;Informação e comunicação;61;611;6110-8;01;Serviços de telefonia fixa comutada - STFC;I;Risco baixo, irrelevante ou inexistente;I;I;Risco baixo, irrelevante ou inexistente;Sim;31;Não
6110-8/02;6110802;J;Informação e comunicação;61;611;6110-8;02;Serviços de redes de transportes de telecomunicaç ões - SRTT;I;Risco baixo, irrelevante ou inexistente;I;I;Risco baixo, irrelevante ou inexistente;Sim;31;Não
6110-8/03;6110803;J;Informação e comunicação;61;611;6110-8;03;Serviços de comunicação multimídia - SMC;I;Risco baixo, irrelevante ou inexistente;I;I;Risco baixo, irrelevante ou inexistente;Sim;31;Não
6110-8/99;6110899;J;Informação e comunicação;61;611;6110-8;99;Serviços de telecomunicaç ões por fio não especificados anteriormente;I;Risco baixo, irrelevante ou inexistente;I;I;Risco baixo, irrelevante ou inexistente;Sim;31;Não
6120-5/01;6120501;J;Informação e comunicação;61;612;6120-5;01;Telefonia móvel celular;I;Risco baixo, irrelevante ou inexistente;I;I;Risco baixo, irrelevante ou inexistente;Sim;31;Não
6120-5/02;6120502;J;Informação e comunicação;61;612;6120-5;02;Serviço móvel especializado - SME;I;Risco baixo, irrelevante ou inexistente;I;I;Risco baixo, irrelevante ou inexistente;Sim;31;Não
6120-5/99;6120599;J;Informação e comunicação;61;612;6120-5;99;Serviços de telecomunicaç ões sem fio não especificados anteriormente;I;Risco baixo, irrelevante ou inexistente;I;I;Risco baixo, irrelevante ou inexistente;Sim;31;Não
6130-2/00;6130200;J;Informação e comunicação;61;613;6130-2;00;Telecomunica ções por satélite;I;Risco baixo, irrelevante ou inexistente;I;I;Risco baixo, irrelevante ou inexistente;Sim;31;Não
6141-8/00;6141800;J;Informação e comunicação;61;614;6141-8;00;Operadoras de televisão por assinatura por cabo;I;Risco baixo, irrelevante ou inexistente;I;I;Risco baixo, irrelevante ou inexistente;Sim;32;Não
6142-6/00;6142600;J;Informação e comunicação;61;614;6142-6;00;Operadoras de televisão por assinatura por microondas;I;Risco baixo, irrelevante ou inexistente;I;I;Risco baixo, irrelevante ou inexistente;Sim;32;Não
6143-4/00;6143400;J;Informação e comunicação;61;614;6143-4;00;Operadoras de televisão por assinatura por satélite;I;Risco baixo, irrelevante ou inexistente;I;I;Risco baixo, irrelevante ou inexistente;Sim;32;Não
6190-6/01;6190601;J;Informação e comunicação;61;619;6190-6;01;Provedores de acesso às redes de comunicações;I;Risco baixo, irrelevante ou inexistente;I;I;Risco baixo, irrelevante ou inexistente;Sim;32;Não
6190-6/02;6190602;J;Informação e comunicação;61;619;6190-6;02;Provedores de voz sobre protocolo internet - VOIP;I;Risco baixo, irrelevante ou inexistente;I;I;Risco baixo, irrelevante ou inexistente;Sim;32;Não
6190-6/99;6190699;J;Informação e comunicação;61;619;6190-6;99;Outras atividades de telecomunicaç ões não especificadas anteriormente;I;Risco baixo, irrelevante ou inexistente;I;I;Risco baixo, irrelevante ou inexistente;Sim;32;Não
6201-5/01;6201501;J;Informação e comunicação;62;620;6201-5;01;Desenvolvime nto de programas de computador sob encomenda;I;Risco baixo, irrelevante ou inexistente;I;I;Risco baixo, irrelevante ou inexistente;Sim;32;Não
6201-5/02;6201502;J;Informação e comunicação;62;620;6201-5;02;Web design;I;Risco baixo, irrelevante ou inexistente;I;I;Risco baixo, irrelevante ou inexistente;Sim;32;Não
6202-3/00;6202300;J;Informação e comunicação;62;620;6202-3;00;Desenvolvime nto e licenciamento de programas de computador customizáveis;I;Risco baixo, irrelevante ou inexistente;I;I;Risco baixo, irrelevante ou inexistente;Sim;32;Não
6203-1/00;6203100;J;Informação e comunicação;62;620;6203-1;00;Desenvolvime nto e licenciamento de programas de computador não-customizáveis;I;Risco baixo, irrelevante ou inexistente;I;I;Risco baixo, irrelevante ou inexistente;Sim;32;Não
6204-0/00;6204000;J;Informação e comunicação;62;620;6204-0;00;Consultoria em tecnologia da informação;I;Risco baixo, irrelevante ou inexistente;I;I;Risco baixo, irrelevante ou inexistente;Sim;32;Não
6209-1/00;6209100;J;Informação e comunicação;62;620;6209-1;00;Suporte técnico, manutenção e outros serviços em tecnologia da informação;I;Risco baixo, irrelevante ou inexistente;I;I;Risco baixo, irrelevante ou inexistente;Sim;32;Não
6311-9/00;6311900;J;Informação e comunicação;63;631;6311-9;00;Tratamento de dados, provedores de serviços de aplicação e serviços de hospedagem na internet;I;Risco baixo, irrelevante ou inexistente;I;I;Risco baixo, irrelevante ou inexistente;Sim;32;Não
6319-4/00;6319400;J;Informação e comunicação;63;631;6319-4;00;Portais, provedores de conteúdo e outros serviços de informação na internet;I;Risco baixo, irrelevante ou inexistente;I;I;Risco baixo, irrelevante ou inexistente;Sim;32;Não
6391-7/00;6391700;J;Informação e comunicação;63;639;6391-7;00;Agências de notícias;I;Risco baixo, irrelevante ou inexistente;I;I;Risco baixo, irrelevante ou inexistente;Sim;32;Não
6399-2/00;6399200;J;Informação e comunicação;63;639;6399-2;00;Outras atividades de prestação de serviços de informação não especificadas anteriormente;I;Risco baixo, irrelevante ou inexistente;I;I;Risco baixo, irrelevante ou inexistente;Sim;32;Não
6410-7/00;6410700;K;Atividades financeiras e de seguros;64;641;6410-7;00;Banco Central;I;Risco baixo, irrelevante ou inexistente;I;I;Risco baixo, irrelevante ou inexistente;Sim;32;Não
6421-2/00;6421200;K;Atividades financeiras e de seguros;64;642;6421-2;00;Bancos comerciais;I;Risco baixo, irrelevante ou inexistente;I;I;Risco baixo, irrelevante ou inexistente;Sim;32;Não
6422-1/00;6422100;K;Atividades financeiras e de seguros;64;642;6422-1;00;Bancos múltiplos, com carteira comercial;I;Risco baixo, irrelevante ou inexistente;I;I;Risco baixo, irrelevante ou inexistente;Sim;32;Não
6423-9/00;6423900;K;Atividades financeiras e de seguros;64;642;6423-9;00;Caixas econômicas;I;Risco baixo, irrelevante ou inexistente;I;I;Risco baixo, irrelevante ou inexistente;Sim;32;Não
6424-7/01;6424701;K;Atividades financeiras e de seguros;64;642;6424-7;01;Bancos cooperativos;I;Risco baixo, irrelevante ou inexistente;I;I;Risco baixo, irrelevante ou inexistente;Sim;32;Não
6424-7/02;6424702;K;Atividades financeiras e de seguros;64;642;6424-7;02;Cooperativas centrais de crédito;I;Risco baixo, irrelevante ou inexistente;I;I;Risco baixo, irrelevante ou inexistente;Sim;32;Não
6424-7/03;6424703;K;Atividades financeiras e de seguros;64;642;6424-7;03;Cooperativas de crédito mútuo;I;Risco baixo, irrelevante ou inexistente;I;I;Risco baixo, irrelevante ou inexistente;Sim;32;Não
6424-7/04;6424704;K;Atividades financeiras e de seguros;64;642;6424-7;04;Cooperativas de crédito rural;I;Risco baixo, irrelevante ou inexistente;I;I;Risco baixo, irrelevante ou inexistente;Sim;32;Não
6431-0/00;6431000;K;Atividades financeiras e de seguros;64;643;6431-0;00;Bancos múltiplos, sem carteira comercial;I;Risco baixo, irrelevante ou inexistente;I;I;Risco baixo, irrelevante ou inexistente;Sim;32;Não
6432-8/00;6432800;K;Atividades financeiras e de seguros;64;643;6432-8;00;Bancos de investimento;I;Risco baixo, irrelevante ou inexistente;I;I;Risco baixo, irrelevante ou inexistente;Sim;32;Não
6433-6/00;6433600;K;Atividades financeiras e de seguros;64;643;6433-6;00;Bancos de desenvolvime nto;I;Risco baixo, irrelevante ou inexistente;I;I;Risco baixo, irrelevante ou inexistente;Sim;32;Não
6434-4/00;6434400;K;Atividades financeiras e de seguros;64;643;6434-4;00;Agências de fomento;I;Risco baixo, irrelevante ou inexistente;I;I;Risco baixo, irrelevante ou inexistente;Sim;32;Não
6435-2/01;6435201;K;Atividades financeiras e de seguros;64;643;6435-2;01;Sociedades de crédito imobiliário;I;Risco baixo, irrelevante ou inexistente;I;I;Risco baixo, irrelevante ou inexistente;Sim;32;Não
6435-2/02;6435202;K;Atividades financeiras e de seguros;64;643;6435-2;02;Associações de poupança e empréstimo;I;Risco baixo, irrelevante ou inexistente;I;I;Risco baixo, irrelevante ou inexistente;Sim;32;Não
6435-2/03;6435203;K;Atividades financeiras e de seguros;64;643;6435-2;03;Companhias hipotecárias;I;Risco baixo, irrelevante ou inexistente;I;I;Risco baixo, irrelevante ou inexistente;Sim;32;Não
6436-1/00;6436100;K;Atividades financeiras e de seguros;64;643;6436-1;00;Sociedades de crédito, financiamento e investimento - financeiras;I;Risco baixo, irrelevante ou inexistente;I;I;Risco baixo, irrelevante ou inexistente;Sim;32;Não
6437-9/00;6437900;K;Atividades financeiras e de seguros;64;643;6437-9;00;Sociedades de crédito ao microempreen dedor;I;Risco baixo, irrelevante ou inexistente;I;I;Risco baixo, irrelevante ou inexistente;Sim;32;Não
6438-7/01;6438701;K;Atividades financeiras e de seguros;64;643;6438-7;01;Bancos de câmbio;I;Risco baixo, irrelevante ou inexistente;I;I;Risco baixo, irrelevante ou inexistente;Sim;32;Não
6438-7/99;6438799;K;Atividades financeiras e de seguros;64;643;6438-7;99;Outras instituições de intermediação não monetária não especificadas anteriormente;I;Risco baixo, irrelevante ou inexistente;I;I;Risco baixo, irrelevante ou inexistente;Sim;32;Não
6440-9/00;6440900;K;Atividades financeiras e de seguros;64;644;6440-9;00;Arrendamento mercantil;I;Risco baixo, irrelevante ou inexistente;I;I;Risco baixo, irrelevante ou inexistente;Sim;32;Não
6450-6/00;6450600;K;Atividades financeiras e de seguros;64;645;6450-6;00;Sociedades de capitalização;I;Risco baixo, irrelevante ou inexistente;I;I;Risco baixo, irrelevante ou inexistente;Sim;32;Não
6461-1/00;6461100;K;Atividades financeiras e de seguros;64;646;6461-1;00;Holdings de instituições financeiras;I;Risco baixo, irrelevante ou inexistente;I;I;Risco baixo, irrelevante ou inexistente;Sim;32;Não
6462-0/00;6462000;K;Atividades financeiras e de seguros;64;646;6462-0;00;Holdings de instituições não-financeiras;I;Risco baixo, irrelevante ou inexistente;I;I;Risco baixo, irrelevante ou inexistente;Sim;32;Não
6463-8/00;6463800;K;Atividades financeiras e de seguros;64;646;6463-8;00;Outras sociedades de participação, exceto holdings;I;Risco baixo, irrelevante ou inexistente;I;I;Risco baixo, irrelevante ou inexistente;Sim;32;Não
6470-1/01;6470101;K;Atividades financeiras e de seguros;64;647;6470-1;01;Fundos de investimento, exceto previdenciário s e imobiliários;I;Risco baixo, irrelevante ou inexistente;I;I;Risco baixo, irrelevante ou inexistente;Sim;32;Não
6810-2/03;6810203;L;Atividades imobiliárias;68;681;6810-2;03;Loteamento de imóveis próprios;I;Risco baixo, irrelevante ou inexistente;II;II ou III;Risco médio ou moderado, ou risco alto;Não;48;Não
6911-7/01;6911701;M;Atividades profissionais, científicas e técnicas;69;691;6911-7;01;Serviços advocatícios;I;Risco baixo, irrelevante ou inexistente;I;I;Risco baixo, irrelevante ou inexistente;Sim;34;Não
6911-7/02;6911702;M;Atividades profissionais, científicas e técnicas;69;691;6911-7;02;Atividades auxiliares da justiça;I;Risco baixo, irrelevante ou inexistente;I;I;Risco baixo, irrelevante ou inexistente;Sim;34;Não
6911-7/03;6911703;M;Atividades profissionais, científicas e técnicas;69;691;6911-7;03;Agente de propriedade industrial;I;Risco baixo, irrelevante ou inexistente;I;I;Risco baixo, irrelevante ou inexistente;Sim;34;Não
6912-5/00;6912500;M;Atividades profissionais, científicas e técnicas;69;691;6912-5;00;Cartórios;I;Risco baixo, irrelevante ou inexistente;I;I;Risco baixo, irrelevante ou inexistente;Sim;34;Não
6920-6/01;6920601;M;Atividades profissionais, científicas e técnicas;69;692;6920-6;01;Atividades de contabilidade;I;Risco baixo, irrelevante ou inexistente;I;I;Risco baixo, irrelevante ou inexistente;Sim;34;Não
6920-6/02;6920602;M;Atividades profissionais, científicas e técnicas;69;692;6920-6;02;Atividades de consultoria e auditoria contábil e tributária;I;Risco baixo, irrelevante ou inexistente;I;I;Risco baixo, irrelevante ou inexistente;Sim;34;Não
7020-4/00;7020400;M;Atividades profissionais, científicas e técnicas;70;702;7020-4;00;Atividades de consultoria em gestão empresarial, exceto consultoria técnica específica;I;Risco baixo, irrelevante ou inexistente;I;I;Risco baixo, irrelevante ou inexistente;Sim;34;Não
7111-1/00;7111100;M;Atividades profissionais, científicas e técnicas;71;711;7111-1;00;Serviços de arquitetura;I;Risco baixo, irrelevante ou inexistente;I;I;Risco baixo, irrelevante ou inexistente;Sim;34;Não
7112-0/00;7112000;M;Atividades profissionais, científicas e técnicas;71;711;7112-0;00;Serviços de engenharia;I;Risco baixo, irrelevante ou inexistente;I;I;Risco baixo, irrelevante ou inexistente;Sim;34;Não
7119-7/01;7119701;M;Atividades profissionais, científicas e técnicas;71;711;7119-7;01;Serviços de cartografia, topografia e geodésia;I;Risco baixo, irrelevante ou inexistente;I;I;Risco baixo, irrelevante ou inexistente;Sim;34;Não
7119-7/02;7119702;M;Atividades profissionais, científicas e técnicas;71;711;7119-7;02;Atividades de estudos geológicos;I;Risco baixo, irrelevante ou inexistente;I;I;Risco baixo, irrelevante ou inexistente;Sim;34;Não
7119-7/03;7119703;M;Atividades profissionais, científicas e técnicas;71;711;7119-7;03;Serviços de desenho técnico relacionados à arquitetura e engenharia;I;Risco baixo, irrelevante ou inexistente;I;I;Risco baixo, irrelevante ou inexistente;Sim;34;Não
7119-7/04;7119704;M;Atividades profissionais, científicas e técnicas;71;711;7119-7;04;Serviços de perícia técnica relacionados à segurança do trabalho;I;Risco baixo, irrelevante ou inexistente;I;I;Risco baixo, irrelevante ou inexistente;Sim;34;Não
7119-7/99;7119799;M;Atividades profissionais, científicas e técnicas;71;711;7119-7;99;Atividades técnicas relacionadas à engenharia e arquitetura não especificadas anteriormente;I;Risco baixo, irrelevante ou inexistente;I;I;Risco baixo, irrelevante ou inexistente;Sim;34;Não
7120-1/00;7120100;M;Atividades profissionais, científicas e técnicas;71;712;7120-1;00;Testes e análises técnicas;I;Risco baixo, irrelevante ou inexistente;I;I;Risco baixo, irrelevante ou inexistente;Sim;34;Não
7210-0/00;7210000;M;Atividades profissionais, científicas e técnicas;72;721;7210-0;00;Pesquisa e desenvolvime nto experimental em ciências físicas e naturais;I;Risco baixo, irrelevante ou inexistente;I;I;Risco baixo, irrelevante ou inexistente;Sim;34;Não
7220-7/00;7220700;M;Atividades profissionais, científicas e técnicas;72;722;7220-7;00;Pesquisa e desenvolvime nto experimental em ciências sociais e humanas;I;Risco baixo, irrelevante ou inexistente;I;I;Risco baixo, irrelevante ou inexistente;Sim;34;Não
7311-4/00;7311400;M;Atividades profissionais, científicas e técnicas;73;731;7311-4;00;Agências de publicidade;I;Risco baixo, irrelevante ou inexistente;I;I;Risco baixo, irrelevante ou inexistente;Sim;34;Não
7312-2/00;7312200;M;Atividades profissionais, científicas e técnicas;73;731;7312-2;00;Agenciamento de espaços para publicidade, exceto em veículos de comunicação;I;Risco baixo, irrelevante ou inexistente;I;I;Risco baixo, irrelevante ou inexistente;Sim;34;Não
7319-0/01;7319001;M;Atividades profissionais, científicas e técnicas;73;731;7319-0;01;Criação e montagem de estandes para feiras e exposições;I;Risco baixo, irrelevante ou inexistente;I;I;Risco baixo, irrelevante ou inexistente;Sim;34;Não
7319-0/02;7319002;M;Atividades profissionais, científicas e técnicas;73;731;7319-0;02;Promoção de vendas;I;Risco baixo, irrelevante ou inexistente;I;I;Risco baixo, irrelevante ou inexistente;Sim;34;Não
7319-0/03;7319003;M;Atividades profissionais, científicas e técnicas;73;731;7319-0;03;Marketing direto;I;Risco baixo, irrelevante ou inexistente;I;I;Risco baixo, irrelevante ou inexistente;Sim;34;Não
7319-0/04;7319004;M;Atividades profissionais, científicas e técnicas;73;731;7319-0;04;Consultoria em publicidade;I;Risco baixo, irrelevante ou inexistente;I;I;Risco baixo, irrelevante ou inexistente;Sim;34;Não
7319-0/99;7319099;M;Atividades profissionais, científicas e técnicas;73;731;7319-0;99;Outras atividades de publicidade não especificadas anteriormente;I;Risco baixo, irrelevante ou inexistente;I;I;Risco baixo, irrelevante ou inexistente;Sim;34;Não
7320-3/00;7320300;M;Atividades profissionais, científicas e técnicas;73;732;7320-3;00;Pesquisas de mercado e de opinião pública;I;Risco baixo, irrelevante ou inexistente;I;I;Risco baixo, irrelevante ou inexistente;Sim;34;Não
7410-2/02;7410202;M;Atividades profissionais, científicas e técnicas;74;741;7410-2;02;Design de interiores;I;Risco baixo, irrelevante ou inexistente;I;I;Risco baixo, irrelevante ou inexistente;Sim;34;Não
7410-2/03;7410203;M;Atividades profissionais, científicas e técnicas;74;741;7410-2;03;Design de produto;I;Risco baixo, irrelevante ou inexistente;I;I;Risco baixo, irrelevante ou inexistente;Sim;34;Não
7410-2/99;7410299;M;Atividades profissionais, científicas e técnicas;74;741;7410-2;99;Atividades de design não especificadas anteriormente;I;Risco baixo, irrelevante ou inexistente;I;I;Risco baixo, irrelevante ou inexistente;Sim;34;Não
7420-0/01;7420001;M;Atividades profissionais, científicas e técnicas;74;742;7420-0;01;Atividades de produção de fotografias, exceto aérea e submarina;I;Risco baixo, irrelevante ou inexistente;I;I;Risco baixo, irrelevante ou inexistente;Sim;34;Não
7420-0/02;7420002;M;Atividades profissionais, científicas e técnicas;74;742;7420-0;02;Atividades de produção de fotografias aéreas e submarinas;I;Risco baixo, irrelevante ou inexistente;I;I;Risco baixo, irrelevante ou inexistente;Sim;34;Não
7420-0/03;7420003;M;Atividades profissionais, científicas e técnicas;74;742;7420-0;03;Laboratórios fotográficos;I;Risco baixo, irrelevante ou inexistente;II;II ou III;Risco médio ou moderado, ou risco alto;Não;48;Não
7420-0/04;7420004;M;Atividades profissionais, científicas e técnicas;74;742;7420-0;04;Filmagem de festas e eventos;I;Risco baixo, irrelevante ou inexistente;I;I;Risco baixo, irrelevante ou inexistente;Sim;34;Não
7420-0/05;7420005;M;Atividades profissionais, científicas e técnicas;74;742;7420-0;05;Serviços de microfilmagem;I;Risco baixo, irrelevante ou inexistente;I;I;Risco baixo, irrelevante ou inexistente;Sim;34;Não
7490-1/01;7490101;M;Atividades profissionais, científicas e técnicas;74;749;7490-1;01;Serviços de tradução, interpretação e similares;I;Risco baixo, irrelevante ou inexistente;I;I;Risco baixo, irrelevante ou inexistente;Sim;34;Não
7490-1/02;7490102;M;Atividades profissionais, científicas e técnicas;74;749;7490-1;02;Escafandria e mergulho;I;Risco baixo, irrelevante ou inexistente;I;I;Risco baixo, irrelevante ou inexistente;Sim;34;Não
7490-1/03;7490103;M;Atividades profissionais, científicas e técnicas;74;749;7490-1;03;Serviços de agronomia e de consultoria às atividades agrícolas e pecuárias;I;Risco baixo, irrelevante ou inexistente;I;I;Risco baixo, irrelevante ou inexistente;Sim;34;Não
7490-1/04;7490104;M;Atividades profissionais, científicas e técnicas;74;749;7490-1;04;Atividades de intermediação e agenciamento de serviços e negócios em geral, exceto imobiliários;I;Risco baixo, irrelevante ou inexistente;I;I;Risco baixo, irrelevante ou inexistente;Sim;34;Não
7490-1/05;7490105;M;Atividades profissionais, científicas e técnicas;74;749;7490-1;05;Agenciamento de profissionais para atividades esportivas, culturais e artísticas;I;Risco baixo, irrelevante ou inexistente;I;I;Risco baixo, irrelevante ou inexistente;Sim;34;Não
7490-1/99;7490199;M;Atividades profissionais, científicas e técnicas;74;749;7490-1;99;Outras atividades profissionais, científicas e técnicas não especificadas anteriormente;I;Risco baixo, irrelevante ou inexistente;I;I;Risco baixo, irrelevante ou inexistente;Sim;34;Não
7500-1/00;7500100;M;Atividades profissionais, científicas e técnicas;75;750;7500-1;00;Atividades veterinárias;I;Risco baixo, irrelevante ou inexistente;II;II ou III;Risco médio ou moderado, ou risco alto;Não;48;Não
7711-0/00;7711000;N;Atividades administrativas e serviços complementares;77;771;7711-0;00;Locação de automóveis sem condutor;I;Risco baixo, irrelevante ou inexistente;I;I;Risco baixo, irrelevante ou inexistente;Sim;34;Não
7719-5/01;7719501;N;Atividades administrativas e serviços complementares;77;771;7719-5;01;Locação de embarcações sem tripulação, exceto para fins recreativos;I;Risco baixo, irrelevante ou inexistente;I;I;Risco baixo, irrelevante ou inexistente;Sim;34;Não
7719-5/02;7719502;N;Atividades administrativas e serviços complementares;77;771;7719-5;02;Locação de aeronaves sem tripulação;I;Risco baixo, irrelevante ou inexistente;I;I;Risco baixo, irrelevante ou inexistente;Sim;34;Não
7719-5/99;7719599;N;Atividades administrativas e serviços complementares;77;771;7719-5;99;Locação de outros meios de transporte não especificados anteriormente, sem condutor;I;Risco baixo, irrelevante ou inexistente;I;I;Risco baixo, irrelevante ou inexistente;Sim;35;Não
7721-7/00;7721700;N;Atividades administrativas e serviços complementares;77;772;7721-7;00;Aluguel de equipamentos recreativos e esportivos;I;Risco baixo, irrelevante ou inexistente;I;I;Risco baixo, irrelevante ou inexistente;Sim;35;Não
7722-5/00;7722500;N;Atividades administrativas e serviços complementares;77;772;7722-5;00;Aluguel de fitas de vídeo, DVDs e similares;I;Risco baixo, irrelevante ou inexistente;I;I;Risco baixo, irrelevante ou inexistente;Sim;35;Não
7723-3/00;7723300;N;Atividades administrativas e serviços complementares;77;772;7723-3;00;Aluguel de objetos do vestuário, jóias e acessórios;I;Risco baixo, irrelevante ou inexistente;I;I;Risco baixo, irrelevante ou inexistente;Sim;35;Não
7729-2/01;7729201;N;Atividades administrativas e serviços complementares;77;772;7729-2;01;Aluguel de aparelhos de jogos eletrônicos;I;Risco baixo, irrelevante ou inexistente;I;I;Risco baixo, irrelevante ou inexistente;Sim;35;Não
7729-2/02;7729202;N;Atividades administrativas e serviços complementares;77;772;7729-2;02;"Aluguel de móveis, utensílios e aparelhos de uso doméstico e pessoal; instrumentos musicais";I;Risco baixo, irrelevante ou inexistente;I;I;Risco baixo, irrelevante ou inexistente;Sim;35;Não
7729-2/03;7729203;N;Atividades administrativas e serviços complementares;77;772;7729-2;03;Aluguel de material médico*;I;Risco baixo, irrelevante ou inexistente;I;I;Risco baixo, irrelevante ou inexistente;Sim;35;Não
7729-2/99;7729299;N;Atividades administrativas e serviços complementares;77;772;7729-2;99;Aluguel de outros objetos pessoais e domésticos não especificados anteriormente;I;Risco baixo, irrelevante ou inexistente;I;I;Risco baixo, irrelevante ou inexistente;Sim;35;Não
7731-4/00;7731400;N;Atividades administrativas e serviços complementares;77;773;7731-4;00;Aluguel de máquinas e equipamentos agrícolas sem operador;I;Risco baixo, irrelevante ou inexistente;I;I;Risco baixo, irrelevante ou inexistente;Sim;35;Não
7732-2/01;7732201;N;Atividades administrativas e serviços complementares;77;773;7732-2;01;Aluguel de máquinas e equipamentos para construção sem operador, exceto andaimes;I;Risco baixo, irrelevante ou inexistente;I;I;Risco baixo, irrelevante ou inexistente;Sim;35;Não
7732-2/02;7732202;N;Atividades administrativas e serviços complementares;77;773;7732-2;02;Aluguel de andaimes;I;Risco baixo, irrelevante ou inexistente;I;I;Risco baixo, irrelevante ou inexistente;Sim;35;Não
7733-1/00;7733100;N;Atividades administrativas e serviços complementares;77;773;7733-1;00;Aluguel de máquinas e equipamentos para escritórios;I;Risco baixo, irrelevante ou inexistente;I;I;Risco baixo, irrelevante ou inexistente;Sim;35;Não
7739-0/01;7739001;N;Atividades administrativas e serviços complementares;77;773;7739-0;01;Aluguel de máquinas e equipamentos para extração de minérios e petróleo, sem operador;I;Risco baixo, irrelevante ou inexistente;I;I;Risco baixo, irrelevante ou inexistente;Sim;35;Não
7739-0/02;7739002;N;Atividades administrativas e serviços complementares;77;773;7739-0;02;Aluguel de equipamentos científicos, médicos e hospitalares, sem operador;I;Risco baixo, irrelevante ou inexistente;I;I;Risco baixo, irrelevante ou inexistente;Sim;35;Não
7739-0/03;7739003;N;Atividades administrativas e serviços complementares;77;773;7739-0;03;Aluguel de palcos, coberturas e outras estruturas de uso temporário, exceto andaimes;I;Risco baixo, irrelevante ou inexistente;I;I;Risco baixo, irrelevante ou inexistente;Sim;35;Não
7739-0/99;7739099;N;Atividades administrativas e serviços complementares;77;773;7739-0;99;Aluguel de outras máquinas e equipamentos comerciais e industriais não especificados anteriormente, sem operador;I;Risco baixo, irrelevante ou inexistente;I;I;Risco baixo, irrelevante ou inexistente;Sim;35;Não
7740-3/00;7740300;N;Atividades administrativas e serviços complementares;77;774;7740-3;00;Gestão de ativos intangíveis não-financeiros;I;Risco baixo, irrelevante ou inexistente;I;I;Risco baixo, irrelevante ou inexistente;Sim;35;Não
7810-8/00;7810800;N;Atividades administrativas e serviços complementares;78;781;7810-8;00;Seleção e agenciamento de mão-de-obra;I;Risco baixo, irrelevante ou inexistente;I;I;Risco baixo, irrelevante ou inexistente;Sim;35;Não
7820-5/00;7820500;N;Atividades administrativas e serviços complementares;78;782;7820-5;00;Locação de mão-de-obra temporária;I;Risco baixo, irrelevante ou inexistente;I;I;Risco baixo, irrelevante ou inexistente;Sim;35;Não
7830-2/00;7830200;N;Atividades administrativas e serviços complementares;78;783;7830-2;00;Fornecimento e gestão de recursos humanos para terceiros;I;Risco baixo, irrelevante ou inexistente;I;I;Risco baixo, irrelevante ou inexistente;Sim;35;Não
7911-2/00;7911200;N;Atividades administrativas e serviços complementares;79;791;7911-2;00;Agências de viagens;I;Risco baixo, irrelevante ou inexistente;I;I;Risco baixo, irrelevante ou inexistente;Sim;35;Não
7912-1/00;7912100;N;Atividades administrativas e serviços complementares;79;791;7912-1;00;Operadores turísticos;I;Risco baixo, irrelevante ou inexistente;I;I;Risco baixo, irrelevante ou inexistente;Sim;35;Não
7990-2/00;7990200;N;Atividades administrativas e serviços complementares;79;799;7990-2;00;Serviços de reservas e outros serviços de turismo não especificados anteriormente;I;Risco baixo, irrelevante ou inexistente;I;I;Risco baixo, irrelevante ou inexistente;Sim;35;Não
8011-1/01;8011101;N;Atividades administrativas e serviços complementares;80;801;8011-1;01;Atividades de vigilância e segurança privada;I;Risco baixo, irrelevante ou inexistente;I;I;Risco baixo, irrelevante ou inexistente;Sim;35;Não
8011-1/02;8011102;N;Atividades administrativas e serviços complementares;80;801;8011-1;02;Serviços de adestramento de cães de guarda;I;Risco baixo, irrelevante ou inexistente;I;I;Risco baixo, irrelevante ou inexistente;Sim;35;Não
8012-9/00;8012900;N;Atividades administrativas e serviços complementares;80;801;8012-9;00;Atividades de transporte de valores;I;Risco baixo, irrelevante ou inexistente;I;I;Risco baixo, irrelevante ou inexistente;Sim;35;Não
8020-0/01;8020001;N;Atividades administrativas e serviços complementares;80;802;8020-0;01;Atividades de monitorament o de sistemas de segurança eletrônico;I;Risco baixo, irrelevante ou inexistente;I;I;Risco baixo, irrelevante ou inexistente;Sim;35;Não
8020-0/02;8020002;N;Atividades administrativas e serviços complementares;80;802;8020-0;02;Outras atividades de serviços de segurança;I;Risco baixo, irrelevante ou inexistente;I;I;Risco baixo, irrelevante ou inexistente;Sim;35;Não
8030-7/00;8030700;N;Atividades administrativas e serviços complementares;80;803;8030-7;00;Atividades de investigação particular;I;Risco baixo, irrelevante ou inexistente;I;I;Risco baixo, irrelevante ou inexistente;Sim;35;Não
8111-7/00;8111700;N;Atividades administrativas e serviços complementares;81;811;8111-7;00;Serviços combinados para apoio a edifícios, exceto condomínios prediais;I;Risco baixo, irrelevante ou inexistente;I;I;Risco baixo, irrelevante ou inexistente;Sim;35;Não
8112-5/00;8112500;N;Atividades administrativas e serviços complementares;81;811;8112-5;00;Condomínios prediais;I;Risco baixo, irrelevante ou inexistente;I;I;Risco baixo, irrelevante ou inexistente;Sim;35;Não
8121-4/00;8121400;N;Atividades administrativas e serviços complementares;81;812;8121-4;00;Limpeza em prédios e em domicílios;I;Risco baixo, irrelevante ou inexistente;I;I;Risco baixo, irrelevante ou inexistente;Sim;35;Não
8122-2/00;8122200;N;Atividades administrativas e serviços complementares;81;812;8122-2;00;Imunização e controle de pragas urbanas;I;Risco baixo, irrelevante ou inexistente;II;II ou III;Risco médio ou moderado, ou risco alto;Não;48;Não
8129-0/00;8129000;N;Atividades administrativas e serviços complementares;81;812;8129-0;00;Atividades de limpeza não especificadas anteriormente;I;Risco baixo, irrelevante ou inexistente;II;II ou III;Risco médio ou moderado, ou risco alto;Não;41;Não
8130-3/00;8130300;N;Atividades administrativas e serviços complementares;81;813;8130-3;00;Atividades paisagísticas;I;Risco baixo, irrelevante ou inexistente;I;I;Risco baixo, irrelevante ou inexistente;Sim;35;Não
8211-3/00;8211300;N;Atividades administrativas e serviços complementares;82;821;8211-3;00;Serviços combinados de escritório e apoio administrativo;I;Risco baixo, irrelevante ou inexistente;I;I;Risco baixo, irrelevante ou inexistente;Sim;35;Não
8219-9/01;8219901;N;Atividades administrativas e serviços complementares;82;821;8219-9;01;Fotocópias;I;Risco baixo, irrelevante ou inexistente;I;I;Risco baixo, irrelevante ou inexistente;Sim;35;Não
8219-9/99;8219999;N;Atividades administrativas e serviços complementares;82;821;8219-9;99;Preparação de documentos e serviços especializados de apoio administrativo não especificados anteriormente;I;Risco baixo, irrelevante ou inexistente;I;I;Risco baixo, irrelevante ou inexistente;Sim;35;Não
8220-2/00;8220200;N;Atividades administrativas e serviços complementares;82;822;8220-2;00;Atividades de teleatendiment o;I;Risco baixo, irrelevante ou inexistente;I;I;Risco baixo, irrelevante ou inexistente;Sim;35;Não
8230-0/01;8230001;N;Atividades administrativas e serviços complementares;82;823;8230-0;01;Serviços de organização de feiras, congressos, exposições e festas;I;Risco baixo, irrelevante ou inexistente;I;I;Risco baixo, irrelevante ou inexistente;Sim;35;Não
8230-0/02;8230002;N;Atividades administrativas e serviços complementares;82;823;8230-0;02;Casas de festas e eventos;III;Risco alto;II;II ou III;Risco médio ou moderado, ou risco alto;Não;38;Não
8291-1/00;8291100;N;Atividades administrativas e serviços complementares;82;829;8291-1;00;Atividades de cobranças e informações cadastrais;I;Risco baixo, irrelevante ou inexistente;I;I;Risco baixo, irrelevante ou inexistente;Sim;35;Não
8292-0/00;8292000;N;Atividades administrativas e serviços complementares;82;829;8292-0;00;Envasamento e empacotament o sob contrato;I;Risco baixo, irrelevante ou inexistente;I;I;Risco baixo, irrelevante ou inexistente;Sim;35;Não
8299-7/01;8299701;N;Atividades administrativas e serviços complementares;82;829;8299-7;01;Medição de consumo de energia elétrica, gás e água;I;Risco baixo, irrelevante ou inexistente;I;I;Risco baixo, irrelevante ou inexistente;Sim;36;Não
8299-7/02;8299702;N;Atividades administrativas e serviços complementares;82;829;8299-7;02;Emissão de vales-alimentação, vales-transporte e similares;I;Risco baixo, irrelevante ou inexistente;I;I;Risco baixo, irrelevante ou inexistente;Sim;36;Não
8299-7/03;8299703;N;Atividades administrativas e serviços complementares;82;829;8299-7;03;Serviços de gravação de carimbos, exceto confecção;I;Risco baixo, irrelevante ou inexistente;I;I;Risco baixo, irrelevante ou inexistente;Sim;36;Não
8299-7/04;8299704;N;Atividades administrativas e serviços complementares;82;829;8299-7;04;Leiloeiros independentes;I;Risco baixo, irrelevante ou inexistente;I;I;Risco baixo, irrelevante ou inexistente;Sim;36;Não
8299-7/05;8299705;N;Atividades administrativas e serviços complementares;82;829;8299-7;05;Serviços de levantamento de fundos sob contrato;I;Risco baixo, irrelevante ou inexistente;I;I;Risco baixo, irrelevante ou inexistente;Sim;36;Não
8299-7/06;8299706;N;Atividades administrativas e serviços complementares;82;829;8299-7;06;Casas lotéricas;I;Risco baixo, irrelevante ou inexistente;I;I;Risco baixo, irrelevante ou inexistente;Sim;36;Não
8299-7/07;8299707;N;Atividades administrativas e serviços complementares;82;829;8299-7;07;Salas de acesso à internet;I;Risco baixo, irrelevante ou inexistente;I;I;Risco baixo, irrelevante ou inexistente;Sim;36;Não
8299-7/99;8299799;N;Atividades administrativas e serviços complementares;82;829;8299-7;99;Outras atividades de serviços prestados principalmente às empresas não especificadas anteriormente;I;Risco baixo, irrelevante ou inexistente;I;I;Risco baixo, irrelevante ou inexistente;Sim;36;Não
8411-6/00;8411600;O;Administração pública, defesa e seguridade social;84;841;8411-6;00;Administração pública em geral;I;Risco baixo, irrelevante ou inexistente;I;I;Risco baixo, irrelevante ou inexistente;Sim;36;Não
8412-4/00;8412400;O;Administração pública, defesa e seguridade social;84;841;8412-4;00;Regulação das atividades de saúde, educação, serviços culturais e outros serviços sociais;I;Risco baixo, irrelevante ou inexistente;I;I;Risco baixo, irrelevante ou inexistente;Sim;36;Não
8413-2/00;8413200;O;Administração pública, defesa e seguridade social;84;841;8413-2;00;Regulação das atividades econômicas;I;Risco baixo, irrelevante ou inexistente;I;I;Risco baixo, irrelevante ou inexistente;Sim;36;Não
8421-3/00;8421300;O;Administração pública, defesa e seguridade social;84;842;8421-3;00;Relações exteriores;I;Risco baixo, irrelevante ou inexistente;I;I;Risco baixo, irrelevante ou inexistente;Sim;36;Não
8422-1/00;8422100;O;Administração pública, defesa e seguridade social;84;842;8422-1;00;Defesa;I;Risco baixo, irrelevante ou inexistente;I;I;Risco baixo, irrelevante ou inexistente;Sim;36;Não
8423-0/00;8423000;O;Administração pública, defesa e seguridade social;84;842;8423-0;00;Justiça;I;Risco baixo, irrelevante ou inexistente;I;I;Risco baixo, irrelevante ou inexistente;Sim;36;Não
8424-8/00;8424800;O;Administração pública, defesa e seguridade social;84;842;8424-8;00;Segurança e ordem pública;I;Risco baixo, irrelevante ou inexistente;I;I;Risco baixo, irrelevante ou inexistente;Sim;36;Não
8425-6/00;8425600;O;Administração pública, defesa e seguridade social;84;842;8425-6;00;Defesa Civil;I;Risco baixo, irrelevante ou inexistente;I;I;Risco baixo, irrelevante ou inexistente;Sim;36;Não
8430-2/00;8430200;O;Administração pública, defesa e seguridade social;84;843;8430-2;00;Seguridade social obrigatória;I;Risco baixo, irrelevante ou inexistente;I;I;Risco baixo, irrelevante ou inexistente;Sim;36;Não
8511-2/00;8511200;P;Educação;85;851;8511-2;00;Educação infantil -creche;I;Risco baixo, irrelevante ou inexistente;II;II ou III;Risco médio ou moderado, ou risco alto;Não;48;Não
8512-1/00;8512100;P;Educação;85;851;8512-1;00;Educação infantil - pré-escola;I;Risco baixo, irrelevante ou inexistente;II;II ou III;Risco médio ou moderado, ou risco alto;Não;48;Não
8513-9/00;8513900;P;Educação;85;851;8513-9;00;Ensino fundamental;I;Risco baixo, irrelevante ou inexistente;II;II ou III;Risco médio ou moderado, ou risco alto;Não;48;Não
8520-1/00;8520100;P;Educação;85;852;8520-1;00;Ensino médio;I;Risco baixo, irrelevante ou inexistente;II;II ou III;Risco médio ou moderado, ou risco alto;Não;48;Não
8531-7/00;8531700;P;Educação;85;853;8531-7;00;Educação superior -graduação;I;Risco baixo, irrelevante ou inexistente;II;II ou III;Risco médio ou moderado, ou risco alto;Não;48;Não
8532-5/00;8532500;P;Educação;85;853;8532-5;00;Educação superior -graduação e pós-graduação;I;Risco baixo, irrelevante ou inexistente;II;II ou III;Risco médio ou moderado, ou risco alto;Não;48;Não
8533-3/00;8533300;P;Educação;85;853;8533-3;00;Educação superior - pós-graduação e extensão;I;Risco baixo, irrelevante ou inexistente;II;II ou III;Risco médio ou moderado, ou risco alto;Não;48;Não
8541-4/00;8541400;P;Educação;85;854;8541-4;00;Educação profissional de nível técnico;I;Risco baixo, irrelevante ou inexistente;II;II ou III;Risco médio ou moderado, ou risco alto;Não;48;Não
8542-2/00;8542200;P;Educação;85;854;8542-2;00;Educação profissional de nível tecnológico;I;Risco baixo, irrelevante ou inexistente;II;II ou III;Risco médio ou moderado, ou risco alto;Não;48;Não
8550-3/01;8550301;P;Educação;85;855;8550-3;01;Administração de caixas escolares;I;Risco baixo, irrelevante ou inexistente;I;I;Risco baixo, irrelevante ou inexistente;Sim;36;Não
8550-3/02;8550302;P;Educação;85;855;8550-3;02;Serviços auxiliares à educação;I;Risco baixo, irrelevante ou inexistente;I;I;Risco baixo, irrelevante ou inexistente;Sim;36;Não
8591-1/00;8591100;P;Educação;85;859;8591-1;00;Ensino de esportes;I;Risco baixo, irrelevante ou inexistente;I;I;Risco baixo, irrelevante ou inexistente;Sim;36;Não
8592-9/01;8592901;P;Educação;85;859;8592-9;01;Ensino de dança;I;Risco baixo, irrelevante ou inexistente;I;I;Risco baixo, irrelevante ou inexistente;Sim;36;Não
8592-9/02;8592902;P;Educação;85;859;8592-9;02;Ensino de artes cênicas, exceto dança;I;Risco baixo, irrelevante ou inexistente;I;I;Risco baixo, irrelevante ou inexistente;Sim;36;Não
8592-9/03;8592903;P;Educação;85;859;8592-9;03;Ensino de música;I;Risco baixo, irrelevante ou inexistente;I;I;Risco baixo, irrelevante ou inexistente;Sim;36;Não
8592-9/99;8592999;P;Educação;85;859;8592-9;99;Ensino de arte e cultura não especificado anteriormente;I;Risco baixo, irrelevante ou inexistente;I;I;Risco baixo, irrelevante ou inexistente;Sim;36;Não
8593-7/00;8593700;P;Educação;85;859;8593-7;00;Ensino de idiomas;I;Risco baixo, irrelevante ou inexistente;I;I;Risco baixo, irrelevante ou inexistente;Sim;36;Não
8599-6/01;8599601;P;Educação;85;859;8599-6;01;Formação de condutores;I;Risco baixo, irrelevante ou inexistente;I;I;Risco baixo, irrelevante ou inexistente;Sim;36;Não
8599-6/02;8599602;P;Educação;85;859;8599-6;02;Cursos de pilotagem;I;Risco baixo, irrelevante ou inexistente;I;I;Risco baixo, irrelevante ou inexistente;Sim;36;Não
8599-6/03;8599603;P;Educação;85;859;8599-6;03;Treinamento em informática;I;Risco baixo, irrelevante ou inexistente;I;I;Risco baixo, irrelevante ou inexistente;Sim;36;Não
8599-6/04;8599604;P;Educação;85;859;8599-6;04;Treinamento em desenvolvime nto profissional e gerencial;I;Risco baixo, irrelevante ou inexistente;I;I;Risco baixo, irrelevante ou inexistente;Sim;36;Não
8599-6/05;8599605;P;Educação;85;859;8599-6;05;Cursos preparatórios para concursos;I;Risco baixo, irrelevante ou inexistente;I;I;Risco baixo, irrelevante ou inexistente;Sim;36;Não
8599-6/99;8599699;P;Educação;85;859;8599-6;99;Outras atividades de ensino não especificadas anteriormente;I;Risco baixo, irrelevante ou inexistente;II;II ou III;Risco médio ou moderado, ou risco alto;Não;48;Não
8610-1/01;8610101;Q;Saúde humana e serviços sociais;86;861;8610-1;01;Atividades de atendimento hospitalar, exceto pronto-socorro e unidades para atendimento a urgências;III;Risco alto;II;II ou III;Risco médio ou moderado, ou risco alto;Não;48;Não
8610-1/02;8610102;Q;Saúde humana e serviços sociais;86;861;8610-1;02;Atividades de atendimento em pronto-socorro e unidades hospitalares para atendimento a urgências;II;Risco médio ou moderado;II;II ou III;Risco médio ou moderado, ou risco alto;Não;48;Não
8621-6/01;8621601;Q;Saúde humana e serviços sociais;86;862;8621-6;01;UTI móvel;I;Risco baixo, irrelevante ou inexistente;II;II ou III;Risco médio ou moderado, ou risco alto;Não;41;Não
8621-6/02;8621602;Q;Saúde humana e serviços sociais;86;862;8621-6;02;Serviços móveis de atendimento a urgências, exceto por UTI móvel;I;Risco baixo, irrelevante ou inexistente;II;II ou III;Risco médio ou moderado, ou risco alto;Não;41;Não
8622-4/00;8622400;Q;Saúde humana e serviços sociais;86;862;8622-4;00;Serviços de remoção de pacientes, exceto os serviços;I;Risco baixo, irrelevante ou inexistente;II;II ou III;Risco médio ou moderado, ou risco alto;Não;41;Não
8630-5/01;8630501;Q;Saúde humana e serviços sociais;86;863;8630-5;01;Atividade médica ambulatorial com recursos para realização de procedimentos cirúrgicos;I;Risco baixo, irrelevante ou inexistente;II;II ou III;Risco médio ou moderado, ou risco alto;Não;42;Não
8630-5/02;8630502;Q;Saúde humana e serviços sociais;86;863;8630-5;02;Atividade médica ambulatorial com recursos para realização de exames complementar es;I;Risco baixo, irrelevante ou inexistente;II;II ou III;Risco médio ou moderado, ou risco alto;Não;42;Não
8630-5/03;8630503;Q;Saúde humana e serviços sociais;86;863;8630-5;03;Atividade médica ambulatorial restrita a consultas;I;Risco baixo, irrelevante ou inexistente;II;II ou III;Risco médio ou moderado, ou risco alto;Não;42;Não
8630-5/04;8630504;Q;Saúde humana e serviços sociais;86;863;8630-5;04;Atividade odontológica;I;Risco baixo, irrelevante ou inexistente;II;II ou III;Risco médio ou moderado, ou risco alto;Não;42;Não
8630-5/06;8630506;Q;Saúde humana e serviços sociais;86;863;8630-5;06;Serviços de vacinação e imunização humana;I;Risco baixo, irrelevante ou inexistente;II;II ou III;Risco médio ou moderado, ou risco alto;Não;48;Não
8630-5/07;8630507;Q;Saúde humana e serviços sociais;86;863;8630-5;07;Atividades de reprodução humana assistida;I;Risco baixo, irrelevante ou inexistente;II;II ou III;Risco médio ou moderado, ou risco alto;Não;48;Não
8630-5/99;8630599;Q;Saúde humana e serviços sociais;86;863;8630-5;99;Atividades de atenção ambulatorial não especificadas anteriormente;I;Risco baixo, irrelevante ou inexistente;II;II ou III;Risco médio ou moderado, ou risco alto;Não;48;Não
8640-2/01;8640201;Q;Saúde humana e serviços sociais;86;864;8640-2;01;Laboratórios de anatomia patológica e citológica;I;Risco baixo, irrelevante ou inexistente;II;II ou III;Risco médio ou moderado, ou risco alto;Não;48;Não
8640-2/02;8640202;Q;Saúde humana e serviços sociais;86;864;8640-2;02;Laboratórios clínicos;I;Risco baixo, irrelevante ou inexistente;II;II ou III;Risco médio ou moderado, ou risco alto;Não;48;Não
8640-2/03;8640203;Q;Saúde humana e serviços sociais;86;864;8640-2;03;Serviços de diálise e nefrologia;I;Risco baixo, irrelevante ou inexistente;II;II ou III;Risco médio ou moderado, ou risco alto;Não;48;Não
8640-2/04;8640204;Q;Saúde humana e serviços sociais;86;864;8640-2;04;Serviços de tomografia;II;Risco médio ou moderado;II;II ou III;Risco médio ou moderado, ou risco alto;Não;48;Não
8640-2/05;8640205;Q;Saúde humana e serviços sociais;86;864;8640-2;05;Serviços de diagnóstico por imagem com uso de radiação ionizante, exceto tomografia;II;Risco médio ou moderado;II;II ou III;Risco médio ou moderado, ou risco alto;Não;48;Não
8640-2/06;8640206;Q;Saúde humana e serviços sociais;86;864;8640-2;06;Serviços de ressonância magnética;II;Risco médio ou moderado;II;II ou III;Risco médio ou moderado, ou risco alto;Não;48;Não
8640-2/07;8640207;Q;Saúde humana e serviços sociais;86;864;8640-2;07;Serviços de diagnóstico por imagem sem uso de radiação ionizante, exceto ressonância magnética;I;Risco baixo, irrelevante ou inexistente;II;II ou III;Risco médio ou moderado, ou risco alto;Não;49;Não
8640-2/08;8640208;Q;Saúde humana e serviços sociais;86;864;8640-2;08;Serviços de diagnóstico por registro gráfico - ECG, EEG e outros exames análogos;I;Risco baixo, irrelevante ou inexistente;II;II ou III;Risco médio ou moderado, ou risco alto;Não;49;Não
8640-2/09;8640209;Q;Saúde humana e serviços sociais;86;864;8640-2;09;Serviços de diagnóstico por métodos ópticos -endoscopia e outros exames análogos;I;Risco baixo, irrelevante ou inexistente;II;II ou III;Risco médio ou moderado, ou risco alto;Não;49;Não
8640-2/10;8640210;Q;Saúde humana e serviços sociais;86;864;8640-2;10;Serviços de quimioterapia;II;Risco médio ou moderado;II;II ou III;Risco médio ou moderado, ou risco alto;Não;49;Não
8640-2/11;8640211;Q;Saúde humana e serviços sociais;86;864;8640-2;11;Serviços de radioterapia;II;Risco médio ou moderado;II;II ou III;Risco médio ou moderado, ou risco alto;Não;49;Não
8640-2/12;8640212;Q;Saúde humana e serviços sociais;86;864;8640-2;12;Serviços de hemoterapia;II;Risco médio ou moderado;II;II ou III;Risco médio ou moderado, ou risco alto;Não;49;Não
8640-2/13;8640213;Q;Saúde humana e serviços sociais;86;864;8640-2;13;Serviços de litotripsia;II;Risco médio ou moderado;II;II ou III;Risco médio ou moderado, ou risco alto;Não;49;Não
8640-2/14;8640214;Q;Saúde humana e serviços sociais;86;864;8640-2;14;Serviços de bancos de células e tecidos humanos;I;Risco baixo, irrelevante ou inexistente;II;II ou III;Risco médio ou moderado, ou risco alto;Não;49;Não
8640-2/99;8640299;Q;Saúde humana e serviços sociais;86;864;8640-2;99;Atividades de serviços de complementaç ão diagnóstica e terapêutica não especificadas anteriormente;I;Risco baixo, irrelevante ou inexistente;II;II ou III;Risco médio ou moderado, ou risco alto;Não;42;Não
8650-0/01;8650001;Q;Saúde humana e serviços sociais;86;865;8650-0;01;Atividades de enfermagem;I;Risco baixo, irrelevante ou inexistente;II;II ou III;Risco médio ou moderado, ou risco alto;Não;42;Não
8650-0/02;8650002;Q;Saúde humana e serviços sociais;86;865;8650-0;02;Atividades de profissionais da nutrição;I;Risco baixo, irrelevante ou inexistente;II;II ou III;Risco médio ou moderado, ou risco alto;Não;42;Não
8650-0/03;8650003;Q;Saúde humana e serviços sociais;86;865;8650-0;03;Atividades de psicologia e psicanálise;I;Risco baixo, irrelevante ou inexistente;I;I;Risco baixo, irrelevante ou inexistente;Sim;36;Não
8650-0/04;8650004;Q;Saúde humana e serviços sociais;86;865;8650-0;04;Atividades de fisioterapia;I;Risco baixo, irrelevante ou inexistente;II;II ou III;Risco médio ou moderado, ou risco alto;Não;42;Não
8650-0/05;8650005;Q;Saúde humana e serviços sociais;86;865;8650-0;05;Atividades de terapia ocupacional;I;Risco baixo, irrelevante ou inexistente;I;I;Risco baixo, irrelevante ou inexistente;Sim;36;Não
8650-0/06;8650006;Q;Saúde humana e serviços sociais;86;865;8650-0;06;Atividades de fonoaudiologia;I;Risco baixo, irrelevante ou inexistente;I;I;Risco baixo, irrelevante ou inexistente;Sim;36;Não
8650-0/07;8650007;Q;Saúde humana e serviços sociais;86;865;8650-0;07;Atividades de terapia de nutrição enteral e parenteral;I;Risco baixo, irrelevante ou inexistente;II;II ou III;Risco médio ou moderado, ou risco alto;Não;42;Não
8650-0/99;8650099;Q;Saúde humana e serviços sociais;86;865;8650-0;99;Atividades de profissionais da área de saúde não especificadas anteriormente;I;Risco baixo, irrelevante ou inexistente;II;II ou III;Risco médio ou moderado, ou risco alto;Não;42;Não
8660-7/00;8660700;Q;Saúde humana e serviços sociais;86;866;8660-7;00;Atividades de apoio à gestão de saúde;I;Risco baixo, irrelevante ou inexistente;I;I;Risco baixo, irrelevante ou inexistente;Sim;36;Não
8690-9/01;8690901;Q;Saúde humana e serviços sociais;86;869;8690-9;01;Atividades de práticas integrativas e complementar es em saúde humana;I;Risco baixo, irrelevante ou inexistente;II;II ou III;Risco médio ou moderado, ou risco alto;Não;42;Não
8690-9/02;8690902;Q;Saúde humana e serviços sociais;86;869;8690-9;02;Atividades de banco de leite humano;I;Risco baixo, irrelevante ou inexistente;II;II ou III;Risco médio ou moderado, ou risco alto;Não;42;Não
8690-9/03;8690903;Q;Saúde humana e serviços sociais;86;869;8690-9;03;Atividades de acupuntura;I;Risco baixo, irrelevante ou inexistente;II;II ou III;Risco médio ou moderado, ou risco alto;Não;42;Não
8690-9/04;8690904;Q;Saúde humana e serviços sociais;86;869;8690-9;04;Atividades de podologia;I;Risco baixo, irrelevante ou inexistente;II;II ou III;Risco médio ou moderado, ou risco alto;Não;42;Não
8690-9/99;8690999;Q;Saúde humana e serviços sociais;86;869;8690-9;99;Outras atividades de atenção à saúde humana não especificadas anteriormente;I;Risco baixo, irrelevante ou inexistente;II;II ou III;Risco médio ou moderado, ou risco alto;Não;42;Não
8711-5/01;8711501;Q;Saúde humana e serviços sociais;87;871;8711-5;01;Clínicas e residências geriátricas;II;Risco médio ou moderado;II;II ou III;Risco médio ou moderado, ou risco alto;Não;49;Não
8711-5/02;8711502;Q;Saúde humana e serviços sociais;87;871;8711-5;02;Instituições de longa permanência para idosos;I;Risco baixo, irrelevante ou inexistente;II;II ou III;Risco médio ou moderado, ou risco alto;Não;42;Não
8711-5/03;8711503;Q;Saúde humana e serviços sociais;87;871;8711-5;03;Atividades de assistência a deficientes físicos, imunodeprimid os e convalescente s;I;Risco baixo, irrelevante ou inexistente;II;II ou III;Risco médio ou moderado, ou risco alto;Não;42;Não
8711-5/04;8711504;Q;Saúde humana e serviços sociais;87;871;8711-5;04;Centros de apoio a pacientes com câncer e com AIDS;II;Risco médio ou moderado;II;II ou III;Risco médio ou moderado, ou risco alto;Não;42;Não
8711-5/05;8711505;Q;Saúde humana e serviços sociais;87;871;8711-5;05;Condomínios residenciais para idosos;I;Risco baixo, irrelevante ou inexistente;II;II ou III;Risco médio ou moderado, ou risco alto;Não;49;Não
8712-3/00;8712300;Q;Saúde humana e serviços sociais;87;871;8712-3;00;Atividades de fornecimento de infra-estrutura de apoio e assistência a paciente no domicílio;I;Risco baixo, irrelevante ou inexistente;II;II ou III;Risco médio ou moderado, ou risco alto;Não;42;Não
8720-4/01;8720401;Q;Saúde humana e serviços sociais;87;872;8720-4;01;Atividades de centros de assistência psicossocial;I;Risco baixo, irrelevante ou inexistente;II;II ou III;Risco médio ou moderado, ou risco alto;Não;42;Não
8720-4/99;8720499;Q;Saúde humana e serviços sociais;87;872;8720-4;99;Atividades de assistência psicossocial e à saúde a portadores de distúrbios psíquicos, deficiência;I;Risco baixo, irrelevante ou inexistente;II;II ou III;Risco médio ou moderado, ou risco alto;Não;42;Não
8730-1/01;8730101;Q;Saúde humana e serviços sociais;87;873;8730-1;01;Orfanatos;I;Risco baixo, irrelevante ou inexistente;II;II ou III;Risco médio ou moderado, ou risco alto;Não;49;Não
8730-1/02;8730102;Q;Saúde humana e serviços sociais;87;873;8730-1;02;Albergues assistenciais;I;Risco baixo, irrelevante ou inexistente;II;II ou III;Risco médio ou moderado, ou risco alto;Não;49;Não
8730-1/99;8730199;Q;Saúde humana e serviços sociais;87;873;8730-1;99;Atividades de assistência social prestadas em residências coletivas e particulares não especificadas anteriormente;I;Risco baixo, irrelevante ou inexistente;II;II ou III;Risco médio ou moderado, ou risco alto;Não;43;Não
8800-6/00;8800600;Q;Saúde humana e serviços sociais;88;880;8800-6;00;Serviços de assistência social sem alojamento;I;Risco baixo, irrelevante ou inexistente;II;II ou III;Risco médio ou moderado, ou risco alto;Não;43;Não
9001-9/01;9001901;R;Artes, cultura, esporte e recreação;90;900;9001-9;01;Produção teatral;I;Risco baixo, irrelevante ou inexistente;I;I;Risco baixo, irrelevante ou inexistente;Sim;36;Não
9001-9/02;9001902;R;Artes, cultura, esporte e recreação;90;900;9001-9;02;Produção musical;I;Risco baixo, irrelevante ou inexistente;I;I;Risco baixo, irrelevante ou inexistente;Sim;36;Não
9001-9/03;9001903;R;Artes, cultura, esporte e recreação;90;900;9001-9;03;Produção de espetáculos de dança;I;Risco baixo, irrelevante ou inexistente;I;I;Risco baixo, irrelevante ou inexistente;Sim;36;Não
9001-9/04;9001904;R;Artes, cultura, esporte e recreação;90;900;9001-9;04;Produção de espetáculos circenses, de marionetes e similares;I;Risco baixo, irrelevante ou inexistente;I;I;Risco baixo, irrelevante ou inexistente;Sim;36;Não
9001-9/05;9001905;R;Artes, cultura, esporte e recreação;90;900;9001-9;05;Produção de espetáculos de rodeios, vaquejadas e similares;I;Risco baixo, irrelevante ou inexistente;I;I;Risco baixo, irrelevante ou inexistente;Sim;36;Não
9001-9/06;9001906;R;Artes, cultura, esporte e recreação;90;900;9001-9;06;Atividades de sonorização e de iluminação;I;Risco baixo, irrelevante ou inexistente;I;I;Risco baixo, irrelevante ou inexistente;Sim;36;Não
9001-9/99;9001999;R;Artes, cultura, esporte e recreação;90;900;9001-9;99;Artes cênicas, espetáculos e atividades complementar es não especificadas anteriormente;I;Risco baixo, irrelevante ou inexistente;I;I;Risco baixo, irrelevante ou inexistente;Sim;37;Não
9002-7/01;9002701;R;Artes, cultura, esporte e recreação;90;900;9002-7;01;Atividades de artistas plásticos, jornalistas independentes e escritores;I;Risco baixo, irrelevante ou inexistente;I;I;Risco baixo, irrelevante ou inexistente;Sim;37;Não
9002-7/02;9002702;R;Artes, cultura, esporte e recreação;90;900;9002-7;02;Restauração de obras-de-arte;I;Risco baixo, irrelevante ou inexistente;I;I;Risco baixo, irrelevante ou inexistente;Sim;37;Não
9003-5/00;9003500;R;Artes, cultura, esporte e recreação;90;900;9003-5;00;Gestão de espaços para artes cênicas, espetáculos e outras atividades artísticas;I;Risco baixo, irrelevante ou inexistente;I;I;Risco baixo, irrelevante ou inexistente;Sim;37;Não
9101-5/00;9101500;R;Artes, cultura, esporte e recreação;91;910;9101-5;00;Atividades de bibliotecas e arquivos;I;Risco baixo, irrelevante ou inexistente;I;I;Risco baixo, irrelevante ou inexistente;Sim;37;Não
9102-3/01;9102301;R;Artes, cultura, esporte e recreação;91;910;9102-3;01;Atividades de museus e de exploração de lugares e prédios históricos e atrações similares;I;Risco baixo, irrelevante ou inexistente;I;I;Risco baixo, irrelevante ou inexistente;Sim;37;Não
9102-3/02;9102302;R;Artes, cultura, esporte e recreação;91;910;9102-3;02;Restauração e conservação de lugares e prédios históricos;I;Risco baixo, irrelevante ou inexistente;I;I;Risco baixo, irrelevante ou inexistente;Sim;37;Não
9103-1/00;9103100;R;Artes, cultura, esporte e recreação;91;910;9103-1;00;Atividades de jardins botânicos, zoológicos, parques nacionais, reservas ecológicas e áreas de proteção ambiental;I;Risco baixo, irrelevante ou inexistente;II;II ou III;Risco médio ou moderado, ou risco alto;Não;49;Não
9200-3/01;9200301;R;Artes, cultura, esporte e recreação;92;920;9200-3;01;Casas de bingo;I;Risco baixo, irrelevante ou inexistente;I;I;Risco baixo, irrelevante ou inexistente;Sim;37;Não
9200-3/02;9200302;R;Artes, cultura, esporte e recreação;92;920;9200-3;02;Exploração de apostas em corridas de cavalos;I;Risco baixo, irrelevante ou inexistente;I;I;Risco baixo, irrelevante ou inexistente;Sim;37;Não
9200-3/99;9200399;R;Artes, cultura, esporte e recreação;92;920;9200-3;99;Exploração de jogos de azar e apostas não especificados anteriormente;I;Risco baixo, irrelevante ou inexistente;I;I;Risco baixo, irrelevante ou inexistente;Sim;37;Não
9311-5/00;9311500;R;Artes, cultura, esporte e recreação;93;931;9311-5;00;Gestão de instalações de esportes;I;Risco baixo, irrelevante ou inexistente;I;I;Risco baixo, irrelevante ou inexistente;Sim;37;Não
9312-3/00;9312300;R;Artes, cultura, esporte e recreação;93;931;9312-3;00;Clubes sociais, esportivos e similares;I;Risco baixo, irrelevante ou inexistente;II;II ou III;Risco médio ou moderado, ou risco alto;Não;49;Não
9313-1/00;9313100;R;Artes, cultura, esporte e recreação;93;931;9313-1;00;Atividades de condicioname nto físico;I;Risco baixo, irrelevante ou inexistente;II;II ou III;Risco médio ou moderado, ou risco alto;Não;43;Não
9319-1/01;9319101;R;Artes, cultura, esporte e recreação;93;931;9319-1;01;Produção e promoção de eventos esportivos;I;Risco baixo, irrelevante ou inexistente;I;I;Risco baixo, irrelevante ou inexistente;Sim;37;Não
9319-1/99;9319199;R;Artes, cultura, esporte e recreação;93;931;9319-1;99;Outras atividades esportivas não especificadas anteriormente;I;Risco baixo, irrelevante ou inexistente;I;I;Risco baixo, irrelevante ou inexistente;Sim;37;Não
9321-2/00;9321200;R;Artes, cultura, esporte e recreação;93;932;9321-2;00;Parques de diversão e parques temáticos;III;Risco alto;II;II ou III;Risco médio ou moderado, ou risco alto;Não;49;Não
9329-8/01;9329801;R;Artes, cultura, esporte e recreação;93;932;9329-8;01;Discotecas, danceterias, salões de dança e similares;III;Risco alto;II;II ou III;Risco médio ou moderado, ou risco alto;Não;49;Não
9329-8/02;9329802;R;Artes, cultura, esporte e recreação;93;932;9329-8;02;Exploração de boliches;I;Risco baixo, irrelevante ou inexistente;I;I;Risco baixo, irrelevante ou inexistente;Sim;37;Não
9329-8/03;9329803;R;Artes, cultura, esporte e recreação;93;932;9329-8;03;Exploração de jogos de sinuca, bilhar e similares;I;Risco baixo, irrelevante ou inexistente;I;I;Risco baixo, irrelevante ou inexistente;Sim;37;Não
9329-8/04;9329804;R;Artes, cultura, esporte e recreação;93;932;9329-8;04;Exploração de jogos eletrônicos recreativos;I;Risco baixo, irrelevante ou inexistente;I;I;Risco baixo, irrelevante ou inexistente;Sim;37;Não
9329-8/99;9329899;R;Artes, cultura, esporte e recreação;93;932;9329-8;99;Outras atividades de recreação e lazer não especificadas anteriormente;I;Risco baixo, irrelevante ou inexistente;II;II ou III;Risco médio ou moderado, ou risco alto;Não;49;Não
9411-1/00;9411100;S;Outras atividades de serviços;94;941;9411-1;00;Atividades de organizações associativas patronais e empresariais;I;Risco baixo, irrelevante ou inexistente;I;I;Risco baixo, irrelevante ou inexistente;Sim;37;Não
9412-0/01;9412001;S;Outras atividades de serviços;94;941;9412-0;01;Atividades de fiscalização profissional;I;Risco baixo, irrelevante ou inexistente;I;I;Risco baixo, irrelevante ou inexistente;Sim;37;Não
9412-0/99;9412099;S;Outras atividades de serviços;94;941;9412-0;99;Outras Atividades associativas profissionais;I;Risco baixo, irrelevante ou inexistente;I;I;Risco baixo, irrelevante ou inexistente;Sim;37;Não
9420-1/00;9420100;S;Outras atividades de serviços;94;942;9420-1;00;Atividades de organizações sindicais;I;Risco baixo, irrelevante ou inexistente;I;I;Risco baixo, irrelevante ou inexistente;Sim;37;Não
9430-8/00;9430800;S;Outras atividades de serviços;94;943;9430-8;00;Atividades de associações de defesa de direitos sociais;I;Risco baixo, irrelevante ou inexistente;I;I;Risco baixo, irrelevante ou inexistente;Sim;37;Não
9491-0/00;9491000;S;Outras atividades de serviços;94;949;9491-0;00;Atividades de organizações religiosas ou filosóficas;I;Risco baixo, irrelevante ou inexistente;I;I;Risco baixo, irrelevante ou inexistente;Sim;37;Não
9492-8/00;9492800;S;Outras atividades de serviços;94;949;9492-8;00;Atividades de organizações políticas;I;Risco baixo, irrelevante ou inexistente;I;I;Risco baixo, irrelevante ou inexistente;Sim;37;Não
9493-6/00;9493600;S;Outras atividades de serviços;94;949;9493-6;00;Atividades de organizações associativas ligadas à cultura e à arte;I;Risco baixo, irrelevante ou inexistente;I;I;Risco baixo, irrelevante ou inexistente;Sim;37;Não
9499-5/00;9499500;S;Outras atividades de serviços;94;949;9499-5;00;Atividades associativas não especificadas anteriormente;I;Risco baixo, irrelevante ou inexistente;I;I;Risco baixo, irrelevante ou inexistente;Sim;37;Não
9511-8/00;9511800;S;Outras atividades de serviços;95;951;9511-8;00;Reparação e manutenção de computadores e de equipamentos periféricos;I;Risco baixo, irrelevante ou inexistente;I;I;Risco baixo, irrelevante ou inexistente;Sim;37;Não
9512-6/00;9512600;S;Outras atividades de serviços;95;951;9512-6;00;Reparação e manutenção de equipamentos de comunicação;I;Risco baixo, irrelevante ou inexistente;I;I;Risco baixo, irrelevante ou inexistente;Sim;37;Não
9521-5/00;9521500;S;Outras atividades de serviços;95;952;9521-5;00;Reparação e manutenção de equipamentos eletroeletrônic os de uso pessoal e doméstico;I;Risco baixo, irrelevante ou inexistente;I;I;Risco baixo, irrelevante ou inexistente;Sim;37;Não
9529-1/01;9529101;S;Outras atividades de serviços;95;952;9529-1;01;Reparação de calçados, de bolsas e artigos de viagem*;I;Risco baixo, irrelevante ou inexistente;I;I;Risco baixo, irrelevante ou inexistente;Sim;37;Não
9529-1/02;9529102;S;Outras atividades de serviços;95;952;9529-1;02;Chaveiros;I;Risco baixo, irrelevante ou inexistente;I;I;Risco baixo, irrelevante ou inexistente;Sim;37;Não
9529-1/03;9529103;S;Outras atividades de serviços;95;952;9529-1;03;Reparação de relógios;I;Risco baixo, irrelevante ou inexistente;I;I;Risco baixo, irrelevante ou inexistente;Sim;37;Não
9529-1/04;9529104;S;Outras atividades de serviços;95;952;9529-1;04;Reparação de bicicletas, triciclos e outros veículos não-motorizados;I;Risco baixo, irrelevante ou inexistente;I;I;Risco baixo, irrelevante ou inexistente;Sim;37;Não
9529-1/05;9529105;S;Outras atividades de serviços;95;952;9529-1;05;Reparação de artigos do mobiliário;I;Risco baixo, irrelevante ou inexistente;I;I;Risco baixo, irrelevante ou inexistente;Sim;37;Não
9529-1/06;9529106;S;Outras atividades de serviços;95;952;9529-1;06;Reparação de jóias;I;Risco baixo, irrelevante ou inexistente;I;I;Risco baixo, irrelevante ou inexistente;Sim;37;Não
9529-1/99;9529199;S;Outras atividades de serviços;95;952;9529-1;99;Reparação e manutenção de outros objetos e equipamentos pessoais e domésticos não especificados anteriormente;I;Risco baixo, irrelevante ou inexistente;I;I;Risco baixo, irrelevante ou inexistente;Sim;37;Não
9601-7/01;9601701;S;Outras atividades de serviços;96;960;9601-7;01;Lavanderias;I;Risco baixo, irrelevante ou inexistente;II;II ou III;Risco médio ou moderado, ou risco alto;Não;49;Não
9601-7/02;9601702;S;Outras atividades de serviços;96;960;9601-7;02;Tinturarias;I;Risco baixo, irrelevante ou inexistente;II;II ou III;Risco médio ou moderado, ou risco alto;Não;49;Não
9601-7/03;9601703;S;Outras atividades de serviços;96;960;9601-7;03;Toalheiros;I;Risco baixo, irrelevante ou inexistente;II;II ou III;Risco médio ou moderado, ou risco alto;Não;49;Não
9602-5/01;9602501;S;Outras atividades de serviços;96;960;9602-5;01;Cabeleireiros, manicure e pedicure;I;Risco baixo, irrelevante ou inexistente;I;I;Risco baixo, irrelevante ou inexistente;Sim;37;Não
9602-5/02;9602502;S;Outras atividades de serviços;96;960;9602-5;02;Atividades de estética e outros serviços de cuidados com a beleza;I;Risco baixo, irrelevante ou inexistente;II;II ou III;Risco médio ou moderado, ou risco alto;Não;43;Não
9603-3/01;9603301;S;Outras atividades de serviços;96;960;9603-3;01;Gestão e manutenção de cemitérios;I;Risco baixo, irrelevante ou inexistente;I;I;Risco baixo, irrelevante ou inexistente;Sim;37;Não
9603-3/02;9603302;S;Outras atividades de serviços;96;960;9603-3;02;Serviços de cremação;I;Risco baixo, irrelevante ou inexistente;II;II ou III;Risco médio ou moderado, ou risco alto;Não;49;Não
9603-3/03;9603303;S;Outras atividades de serviços;96;960;9603-3;03;Serviços de sepultamento;I;Risco baixo, irrelevante ou inexistente;II;II ou III;Risco médio ou moderado, ou risco alto;Não;43;Não
9603-3/04;9603304;S;Outras atividades de serviços;96;960;9603-3;04;Serviços de funerárias;I;Risco baixo, irrelevante ou inexistente;II;II ou III;Risco médio ou moderado, ou risco alto;Não;43;Não
9603-3/05;9603305;S;Outras atividades de serviços;96;960;9603-3;05;Serviços de somatoconser vação;I;Risco baixo, irrelevante ou inexistente;II;II ou III;Risco médio ou moderado, ou risco alto;Não;43;Não
9603-3/99;9603399;S;Outras atividades de serviços;96;960;9603-3;99;Atividades funerárias e serviços relacionados não especificados anteriormente;I;Risco baixo, irrelevante ou inexistente;II;II ou III;Risco médio ou moderado, ou risco alto;Não;43;Não
9609-2/02;9609202;S;Outras atividades de serviços;96;960;9609-2;02;Agências matrimoniais;I;Risco baixo, irrelevante ou inexistente;I;I;Risco baixo, irrelevante ou inexistente;Sim;37;Não
9609-2/04;9609204;S;Outras atividades de serviços;96;960;9609-2;04;Exploração de máquinas de serviços pessoais acionadas por moeda;I;Risco baixo, irrelevante ou inexistente;I;I;Risco baixo, irrelevante ou inexistente;Sim;37;Não
9609-2/05;9609205;S;Outras atividades de serviços;96;960;9609-2;05;Atividades de sauna e banhos;I;Risco baixo, irrelevante ou inexistente;II;II ou III;Risco médio ou moderado, ou risco alto;Não;43;Não
9609-2/06;9609206;S;Outras atividades de serviços;96;960;9609-2;06;Serviços de tatuagem e colocação de;I;Risco baixo, irrelevante ou inexistente;II;II ou III;Risco médio ou moderado, ou risco alto;Não;43;Não
9609-2/07;9609207;S;Outras atividades de serviços;96;960;9609-2;07;Alojamento de animais domésticos;I;Risco baixo, irrelevante ou inexistente;II;II ou III;Risco médio ou moderado, ou risco alto;Não;43;Não
9609-2/08;9609208;S;Outras atividades de serviços;96;960;9609-2;08;Higiene e embelezament o de animais domésticos;I;Risco baixo, irrelevante ou inexistente;I;I;Risco baixo, irrelevante ou inexistente;Sim;37;Não
9609-2/99;9609299;S;Outras atividades de serviços;96;960;9609-2;99;Outras atividades de serviços pessoais não especificadas anteriormente;I;Risco baixo, irrelevante ou inexistente;I;I;Risco baixo, irrelevante ou inexistente;Sim;37;Não
9700-5/00;9700500;T;Serviços domésticos;97;970;9700-5;00;Serviços domésticos;I;Risco baixo, irrelevante ou inexistente;II;II ou III;Risco médio ou moderado, ou risco alto;Não;38;Não
9900-8/00;9900800;U;Organismos internacionais;99;990;9900-8;00;Organismos internacionais e outras instituições extraterritoriais;I;Risco baixo, irrelevante ou inexistente;II;II ou III;Risco médio ou moderado, ou risco alto;Não;38;Não
